[{"primaryKey":{"id":37126,"komaCode":1},"createdAt":"Feb 19, 2018 10:50:12 AM","createdBy":"test","updatedAt":"Feb 19, 2018 10:50:18 AM","updatedBy":"test","version":0},{"primaryKey":{"id":37126,"komaCode":2},"createdAt":"Feb 19, 2018 10:53:15 AM","createdBy":"test","updatedAt":"Feb 19, 2018 10:53:19 AM","updatedBy":"test","version":0},{"primaryKey":{"id":37350,"komaCode":2},"createdAt":"Mar 9, 2018 6:15:35 PM","createdBy":"hirata","updatedAt":"Mar 9, 2018 6:15:35 PM","updatedBy":"hirata","version":1},{"primaryKey":{"id":37350,"komaCode":3},"createdAt":"Mar 9, 2018 6:15:35 PM","createdBy":"hirata","updatedAt":"Mar 9, 2018 6:15:35 PM","updatedBy":"hirata","version":1},{"primaryKey":{"id":37350,"komaCode":4},"createdAt":"Mar 9, 2018 6:15:35 PM","createdBy":"hirata","updatedAt":"Mar 9, 2018 6:15:35 PM","updatedBy":"hirata","version":1},{"primaryKey":{"id":37350,"komaCode":5},"createdAt":"Mar 9, 2018 6:15:35 PM","createdBy":"hirata","updatedAt":"Mar 9, 2018 6:15:35 PM","updatedBy":"hirata","version":1},{"primaryKey":{"id":37350,"komaCode":6},"createdAt":"Mar 9, 2018 6:15:35 PM","createdBy":"hirata","updatedAt":"Mar 9, 2018 6:15:35 PM","updatedBy":"hirata","version":1},{"primaryKey":{"id":37350,"komaCode":7},"createdAt":"Mar 9, 2018 6:15:35 PM","createdBy":"hirata","updatedAt":"Mar 9, 2018 6:15:35 PM","updatedBy":"hirata","version":1},{"primaryKey":{"id":37350,"komaCode":8},"createdAt":"Mar 9, 2018 6:15:35 PM","createdBy":"hirata","updatedAt":"Mar 9, 2018 6:15:35 PM","updatedBy":"hirata","version":1},{"primaryKey":{"id":37350,"komaCode":9},"createdAt":"Mar 9, 2018 6:15:35 PM","createdBy":"hirata","updatedAt":"Mar 9, 2018 6:15:35 PM","updatedBy":"hirata","version":1},{"primaryKey":{"id":37350,"komaCode":10},"createdAt":"Mar 9, 2018 6:15:35 PM","createdBy":"hirata","updatedAt":"Mar 9, 2018 6:15:35 PM","updatedBy":"hirata","version":1}]
