{"jp.ne.yec.seagullLC.stagia.beans.shinsei.ShinseiDto@77f3cf02":[{"mShisetsu":{"primaryKey":{"kanriCode":14,"shisetsuCode":40},"shisetsuName":"実習室","shisetsuChohyoName":"実習室","uketsukeStartDate":"Apr 1, 2010 12:00:00 AM","uketsukeEndDate":"Apr 1, 2020 12:00:00 AM","shiyoStartDate":"Apr 1, 2010 12:00:00 AM","shiyoEndDate":"Apr 1, 2020 12:00:00 AM","bashoCode":30,"kashidashiGroupCode":110,"teiinsu":20,"ryokinKeisanKijunDate":"1","ryoshuYoteiDateKeisu":0,"ryoshuYoteiDateTani":"2","maebaraiKingakuWariai":0,"kuriageEnchoTaniJikan":30,"kuriageEnchoKirisuteJikan":0,"shisetsuKashidashiHoshiki":"0","mensuHyojiTani":"面","yoyakuShurui":"1","isAllowedZengoKomaShiyo":true,"isHeiyoRiyo":false,"koenJikanCode":1,"tokeisakuseiWeight":1,"createdAt":"Oct 31, 2017 9:42:00 AM","createdBy":"8000","updatedAt":"Oct 31, 2017 9:42:00 AM","updatedBy":"8000","version":0},"mKomaMap":{"1":{"primaryKey":{"komaPatternCode":999,"komaCode":1},"komaName":"koma1","startTime":900,"endTime":1000,"isAllowedTandokuKashidashi":true,"isDisplayedWeb":true,"isAllowedShinseiWeb":true,"komaGroupCode":1,"createdAt":"Oct 31, 2017 4:30:00 PM","createdBy":"8000","updatedAt":"Oct 31, 2017 4:30:00 PM","updatedBy":"8000","version":0},"2":{"primaryKey":{"komaPatternCode":999,"komaCode":2},"komaName":"koma2","startTime":1000,"endTime":1100,"isAllowedTandokuKashidashi":true,"isDisplayedWeb":true,"isAllowedShinseiWeb":true,"komaGroupCode":1,"createdAt":"Oct 31, 2017 4:30:00 PM","createdBy":"8000","updatedAt":"Oct 31, 2017 4:30:00 PM","updatedBy":"8000","version":0},"3":{"primaryKey":{"komaPatternCode":999,"komaCode":3},"komaName":"koma3","startTime":1100,"endTime":1200,"isAllowedTandokuKashidashi":true,"isDisplayedWeb":true,"isAllowedShinseiWeb":true,"komaGroupCode":1,"createdAt":"Oct 31, 2017 4:30:00 PM","createdBy":"8000","updatedAt":"Oct 31, 2017 4:30:00 PM","updatedBy":"8000","version":0},"4":{"primaryKey":{"komaPatternCode":999,"komaCode":4},"komaName":"koma4","startTime":1200,"endTime":1300,"isAllowedTandokuKashidashi":true,"isDisplayedWeb":true,"isAllowedShinseiWeb":true,"komaGroupCode":1,"createdAt":"Oct 31, 2017 4:30:00 PM","createdBy":"8000","updatedAt":"Oct 31, 2017 4:30:00 PM","updatedBy":"8000","version":0},"5":{"primaryKey":{"komaPatternCode":999,"komaCode":5},"komaName":"koma5","startTime":1300,"endTime":1400,"isAllowedTandokuKashidashi":true,"isDisplayedWeb":true,"isAllowedShinseiWeb":true,"komaGroupCode":1,"createdAt":"Oct 31, 2017 4:30:00 PM","createdBy":"8000","updatedAt":"Oct 31, 2017 4:30:00 PM","updatedBy":"8000","version":0},"6":{"primaryKey":{"komaPatternCode":999,"komaCode":6},"komaName":"koma6","startTime":1400,"endTime":1500,"isAllowedTandokuKashidashi":true,"isDisplayedWeb":true,"isAllowedShinseiWeb":true,"komaGroupCode":1,"createdAt":"Oct 31, 2017 4:30:00 PM","createdBy":"8000","updatedAt":"Oct 31, 2017 4:30:00 PM","updatedBy":"8000","version":0},"7":{"primaryKey":{"komaPatternCode":999,"komaCode":7},"komaName":"koma7","startTime":1500,"endTime":1600,"isAllowedTandokuKashidashi":true,"isDisplayedWeb":true,"isAllowedShinseiWeb":true,"komaGroupCode":1,"createdAt":"Oct 31, 2017 4:30:00 PM","createdBy":"8000","updatedAt":"Oct 31, 2017 4:30:00 PM","updatedBy":"8000","version":0},"8":{"primaryKey":{"komaPatternCode":999,"komaCode":8},"komaName":"koma8","startTime":1600,"endTime":1700,"isAllowedTandokuKashidashi":true,"isDisplayedWeb":true,"isAllowedShinseiWeb":true,"komaGroupCode":1,"createdAt":"Oct 31, 2017 4:30:00 PM","createdBy":"8000","updatedAt":"Oct 31, 2017 4:30:00 PM","updatedBy":"8000","version":0},"9":{"primaryKey":{"komaPatternCode":999,"komaCode":9},"komaName":"koma9","startTime":1700,"endTime":1800,"isAllowedTandokuKashidashi":true,"isDisplayedWeb":true,"isAllowedShinseiWeb":true,"komaGroupCode":1,"createdAt":"Oct 31, 2017 4:30:00 PM","createdBy":"8000","updatedAt":"Oct 31, 2017 4:30:00 PM","updatedBy":"8000","version":0},"10":{"primaryKey":{"komaPatternCode":999,"komaCode":10},"komaName":"koma1","startTime":1800,"endTime":1900,"isAllowedTandokuKashidashi":true,"isDisplayedWeb":true,"isAllowedShinseiWeb":true,"komaGroupCode":1,"createdAt":"Oct 31, 2017 4:30:00 PM","createdBy":"8000","updatedAt":"Oct 31, 2017 4:30:00 PM","updatedBy":"8000","version":0},"11":{"primaryKey":{"komaPatternCode":999,"komaCode":11},"komaName":"koma1","startTime":1900,"endTime":2000,"isAllowedTandokuKashidashi":true,"isDisplayedWeb":true,"isAllowedShinseiWeb":true,"komaGroupCode":1,"createdAt":"Oct 31, 2017 4:30:00 PM","createdBy":"8000","updatedAt":"Oct 31, 2017 4:30:00 PM","updatedBy":"8000","version":0},"12":{"primaryKey":{"komaPatternCode":999,"komaCode":12},"komaName":"koma1","startTime":2000,"endTime":2100,"isAllowedTandokuKashidashi":true,"isDisplayedWeb":true,"isAllowedShinseiWeb":true,"komaGroupCode":1,"createdAt":"Oct 31, 2017 4:30:00 PM","createdBy":"8000","updatedAt":"Oct 31, 2017 4:30:00 PM","updatedBy":"8000","version":0},"13":{"primaryKey":{"komaPatternCode":999,"komaCode":13},"komaName":"koma1","startTime":2100,"endTime":2130,"isAllowedTandokuKashidashi":true,"isDisplayedWeb":true,"isAllowedShinseiWeb":true,"komaGroupCode":1,"createdAt":"Oct 31, 2017 4:30:00 PM","createdBy":"8000","updatedAt":"Oct 31, 2017 4:30:00 PM","updatedBy":"8000","version":0}},"bashoName":"青少年館","kashidashiTaniName":"","shinseiShurui":"HONYOYAKU","reservableMKashidashiTanis":[{"primaryKey":{"kanriCode":14,"shisetsuCode":40,"kashidashiTaniCode":0},"kashidashiTaniName":"","kashidashiTaniChohyoName":"","createdAt":"Oct 31, 2017 9:42:00 AM","createdBy":"8000","updatedAt":"Oct 31, 2017 9:42:00 AM","updatedBy":"8000","version":0}],"mShiyoMokutekiList":[{"shiyoMokutekiCode":1010,"shiyoMokutekiName":"合唱","isDisplayedWeb":true,"createdAt":"Oct 31, 2017 9:42:00 AM","createdBy":"8000","updatedAt":"Oct 31, 2017 9:42:00 AM","updatedBy":"8000","version":0},{"shiyoMokutekiCode":1030,"shiyoMokutekiName":"器楽（音量小）","isDisplayedWeb":true,"createdAt":"Oct 31, 2017 9:42:00 AM","createdBy":"8000","updatedAt":"Oct 31, 2017 9:42:00 AM","updatedBy":"8000","version":0},{"shiyoMokutekiCode":1040,"shiyoMokutekiName":"詩吟・民謡","isDisplayedWeb":true,"createdAt":"Oct 31, 2017 9:42:00 AM","createdBy":"8000","updatedAt":"Oct 31, 2017 9:42:00 AM","updatedBy":"8000","version":0},{"shiyoMokutekiCode":1060,"shiyoMokutekiName":"会議・学習（一般）","isDisplayedWeb":true,"createdAt":"Oct 31, 2017 9:42:00 AM","createdBy":"8000","updatedAt":"Oct 31, 2017 9:42:00 AM","updatedBy":"8000","version":0},{"shiyoMokutekiCode":1080,"shiyoMokutekiName":"教育","isDisplayedWeb":true,"createdAt":"Oct 31, 2017 9:42:00 AM","createdBy":"8000","updatedAt":"Oct 31, 2017 9:42:00 AM","updatedBy":"8000","version":0},{"shiyoMokutekiCode":1090,"shiyoMokutekiName":"保育","isDisplayedWeb":true,"createdAt":"Oct 31, 2017 9:42:00 AM","createdBy":"8000","updatedAt":"Oct 31, 2017 9:42:00 AM","updatedBy":"8000","version":0},{"shiyoMokutekiCode":1120,"shiyoMokutekiName":"文芸","isDisplayedWeb":true,"createdAt":"Oct 31, 2017 9:42:00 AM","createdBy":"8000","updatedAt":"Oct 31, 2017 9:42:00 AM","updatedBy":"8000","version":0},{"shiyoMokutekiCode":1130,"shiyoMokutekiName":"絵画","isDisplayedWeb":true,"createdAt":"Oct 31, 2017 9:42:00 AM","createdBy":"8000","updatedAt":"Oct 31, 2017 9:42:00 AM","updatedBy":"8000","version":0},{"shiyoMokutekiCode":1140,"shiyoMokutekiName":"工芸","isDisplayedWeb":true,"createdAt":"Oct 31, 2017 9:42:00 AM","createdBy":"8000","updatedAt":"Oct 31, 2017 9:42:00 AM","updatedBy":"8000","version":0},{"shiyoMokutekiCode":1160,"shiyoMokutekiName":"舞踊","isDisplayedWeb":true,"createdAt":"Oct 31, 2017 9:42:00 AM","createdBy":"8000","updatedAt":"Oct 31, 2017 9:42:00 AM","updatedBy":"8000","version":0},{"shiyoMokutekiCode":1170,"shiyoMokutekiName":"演劇（立ち稽古）","isDisplayedWeb":true,"createdAt":"Oct 31, 2017 9:42:00 AM","createdBy":"8000","updatedAt":"Oct 31, 2017 9:42:00 AM","updatedBy":"8000","version":0},{"shiyoMokutekiCode":1180,"shiyoMokutekiName":"演劇（読み合わせ）","isDisplayedWeb":true,"createdAt":"Oct 31, 2017 9:42:00 AM","createdBy":"8000","updatedAt":"Oct 31, 2017 9:42:00 AM","updatedBy":"8000","version":0},{"shiyoMokutekiCode":1190,"shiyoMokutekiName":"洋和裁","isDisplayedWeb":true,"createdAt":"Oct 31, 2017 9:42:00 AM","createdBy":"8000","updatedAt":"Oct 31, 2017 9:42:00 AM","updatedBy":"8000","version":0},{"shiyoMokutekiCode":1240,"shiyoMokutekiName":"人形劇","isDisplayedWeb":true,"createdAt":"Oct 31, 2017 9:42:00 AM","createdBy":"8000","updatedAt":"Oct 31, 2017 9:42:00 AM","updatedBy":"8000","version":0},{"shiyoMokutekiCode":1250,"shiyoMokutekiName":"書道","isDisplayedWeb":true,"createdAt":"Oct 31, 2017 9:42:00 AM","createdBy":"8000","updatedAt":"Oct 31, 2017 9:42:00 AM","updatedBy":"8000","version":0},{"shiyoMokutekiCode":1260,"shiyoMokutekiName":"華道","isDisplayedWeb":true,"createdAt":"Oct 31, 2017 9:42:00 AM","createdBy":"8000","updatedAt":"Oct 31, 2017 9:42:00 AM","updatedBy":"8000","version":0},{"shiyoMokutekiCode":2110,"shiyoMokutekiName":"バレエ・洋舞練習","isDisplayedWeb":true,"createdAt":"Oct 31, 2017 9:42:00 AM","createdBy":"8000","updatedAt":"Oct 31, 2017 9:42:00 AM","updatedBy":"8000","version":0},{"shiyoMokutekiCode":3140,"shiyoMokutekiName":"体操","isDisplayedWeb":true,"createdAt":"Oct 31, 2017 9:42:00 AM","createdBy":"8000","updatedAt":"Oct 31, 2017 9:42:00 AM","updatedBy":"8000","version":0},{"shiyoMokutekiCode":3160,"shiyoMokutekiName":"空手","isDisplayedWeb":true,"createdAt":"Oct 31, 2017 9:42:00 AM","createdBy":"8000","updatedAt":"Oct 31, 2017 9:42:00 AM","updatedBy":"8000","version":0},{"shiyoMokutekiCode":3180,"shiyoMokutekiName":"ダンス","isDisplayedWeb":true,"createdAt":"Oct 31, 2017 9:42:00 AM","createdBy":"8000","updatedAt":"Oct 31, 2017 9:42:00 AM","updatedBy":"8000","version":0},{"shiyoMokutekiCode":3190,"shiyoMokutekiName":"軽ダンス","isDisplayedWeb":true,"createdAt":"Oct 31, 2017 9:42:00 AM","createdBy":"8000","updatedAt":"Oct 31, 2017 9:42:00 AM","updatedBy":"8000","version":0},{"shiyoMokutekiCode":3200,"shiyoMokutekiName":"社交ダンス","isDisplayedWeb":true,"createdAt":"Oct 31, 2017 9:42:00 AM","createdBy":"8000","updatedAt":"Oct 31, 2017 9:42:00 AM","updatedBy":"8000","version":0}],"selectedMKashidashiTani":{"primaryKey":{"kanriCode":14,"shisetsuCode":40,"kashidashiTaniCode":0},"kashidashiTaniName":"","kashidashiTaniChohyoName":"","createdAt":"Oct 31, 2017 9:42:00 AM","createdBy":"8000","updatedAt":"Oct 31, 2017 9:42:00 AM","updatedBy":"8000","version":0},"mShiyoMokuteki":{"shiyoMokutekiCode":1260,"shiyoMokutekiName":"華道","isDisplayedWeb":true,"createdAt":"Oct 31, 2017 9:42:00 AM","createdBy":"8000","updatedAt":"Oct 31, 2017 9:42:00 AM","updatedBy":"8000","version":0},"isDeleted":false,"isAdded":false,"nyujoRyokinDtos":[],"nyujoRyokinKomaDtos":[],"rehearsalDtos":[],"koenTimeDtos":[],"mChusenGroup":{"chusenGroupCode":12,"chusenGroupName":"文化３ヶ月前抽選","chusenTaishoNengetsu":201809,"chusenTaishoStartDate":1,"chusenTaishoEndDate":31,"moshikomiKikanStart":301,"moshikomiKikanEnd":331,"chusenKikanStart":201,"chusenKikanEnd":201,"chusenDate":201,"isEnabledSetMoshikomi":true,"isAllowedPenaltyRiyosha":true,"chusenHohoYusen1":"0","chusenHohoYusen2":"1","rirekiSanshoTsukisu":1,"isEnabledKonkaiTosen":false,"isEnabledAkikomaTosen":false,"tosenYoyakuShurui":"0","isEnabledMoshikomiMail":false,"isEnabledKekkaMail":false,"createdAt":"Jan 17, 2018 12:00:00 AM","createdBy":"8000","updatedAt":"Jan 17, 2018 12:00:00 AM","updatedBy":"8000","version":0},"komaCode":["14030040201807100900213001132"],"ryokinDtoMap":{"SHISETSU":{"ryokinSanshutsuKomokuDtos":[],"primaryKey":{"id":38238,"ryokinKubun":"0"},"kihonRyokin":6600,"kasangakuGokei":0,"gemmengakuGokei":0,"waribikigakuGokei":0,"hasuChoseigaku":0,"tenyuryokuChoseigaku":0,"ryokinGokei":6600,"ryoshuGokei":0,"kampuGokei":0,"zenkaiShiyoRyokin":0,"miseisanCancelRyokinGokei":0,"createdAt":"Jul 6, 2018 10:52:50 AM","createdBy":"1-tnt","updatedAt":"Jul 6, 2018 10:52:50 AM","updatedBy":"1-tnt","version":1},"SETSUBI":{"ryokinSanshutsuKomokuDtos":[],"primaryKey":{"ryokinKubun":"1"},"kihonRyokin":0,"kasangakuGokei":0,"gemmengakuGokei":0,"waribikigakuGokei":0,"hasuChoseigaku":0,"tenyuryokuChoseigaku":0,"ryokinGokei":0,"ryoshuGokei":0,"kampuGokei":0,"zenkaiShiyoRyokin":0,"miseisanCancelRyokinGokei":0}},"setsubiShinseiDtos":[],"id":38238,"kanriCode":14,"shinseiNumber":327,"meisaiNumber":1,"meisaiKoshinKaisu":0,"meisaiJotai":"0","bashoCode":30,"shisetsuCode":40,"kashidashiTaniCode":0,"shiyoDate":"Jul 10, 2018 12:00:00 AM","yobiPattern":"0","startKoma":1,"endKoma":13,"startTime":900,"endTime":2130,"ryokinTaikeiCode":1,"shiyoMokutekiCode":1260,"uketsukeDate":"Jul 6, 2018 10:52:17 AM","uketsukeBashoCode":901,"isUsed":false,"createdAt":"Jul 6, 2018 10:52:50 AM","createdBy":"1-tnt","updatedAt":"Jul 6, 2018 10:52:50 AM","updatedBy":"1-tnt","version":1},{"mShisetsu":{"primaryKey":{"kanriCode":14,"shisetsuCode":40},"shisetsuName":"実習室","shisetsuChohyoName":"実習室","uketsukeStartDate":"Apr 1, 2010 12:00:00 AM","uketsukeEndDate":"Apr 1, 2020 12:00:00 AM","shiyoStartDate":"Apr 1, 2010 12:00:00 AM","shiyoEndDate":"Apr 1, 2020 12:00:00 AM","bashoCode":30,"kashidashiGroupCode":110,"teiinsu":20,"ryokinKeisanKijunDate":"1","ryoshuYoteiDateKeisu":0,"ryoshuYoteiDateTani":"2","maebaraiKingakuWariai":0,"kuriageEnchoTaniJikan":30,"kuriageEnchoKirisuteJikan":0,"shisetsuKashidashiHoshiki":"0","mensuHyojiTani":"面","yoyakuShurui":"1","isAllowedZengoKomaShiyo":true,"isHeiyoRiyo":false,"koenJikanCode":1,"tokeisakuseiWeight":1,"createdAt":"Oct 31, 2017 9:42:00 AM","createdBy":"8000","updatedAt":"Oct 31, 2017 9:42:00 AM","updatedBy":"8000","version":0},"mKomaMap":{"1":{"primaryKey":{"komaPatternCode":999,"komaCode":1},"komaName":"koma1","startTime":900,"endTime":1000,"isAllowedTandokuKashidashi":true,"isDisplayedWeb":true,"isAllowedShinseiWeb":true,"komaGroupCode":1,"createdAt":"Oct 31, 2017 4:30:00 PM","createdBy":"8000","updatedAt":"Oct 31, 2017 4:30:00 PM","updatedBy":"8000","version":0},"2":{"primaryKey":{"komaPatternCode":999,"komaCode":2},"komaName":"koma2","startTime":1000,"endTime":1100,"isAllowedTandokuKashidashi":true,"isDisplayedWeb":true,"isAllowedShinseiWeb":true,"komaGroupCode":1,"createdAt":"Oct 31, 2017 4:30:00 PM","createdBy":"8000","updatedAt":"Oct 31, 2017 4:30:00 PM","updatedBy":"8000","version":0},"3":{"primaryKey":{"komaPatternCode":999,"komaCode":3},"komaName":"koma3","startTime":1100,"endTime":1200,"isAllowedTandokuKashidashi":true,"isDisplayedWeb":true,"isAllowedShinseiWeb":true,"komaGroupCode":1,"createdAt":"Oct 31, 2017 4:30:00 PM","createdBy":"8000","updatedAt":"Oct 31, 2017 4:30:00 PM","updatedBy":"8000","version":0},"4":{"primaryKey":{"komaPatternCode":999,"komaCode":4},"komaName":"koma4","startTime":1200,"endTime":1300,"isAllowedTandokuKashidashi":true,"isDisplayedWeb":true,"isAllowedShinseiWeb":true,"komaGroupCode":1,"createdAt":"Oct 31, 2017 4:30:00 PM","createdBy":"8000","updatedAt":"Oct 31, 2017 4:30:00 PM","updatedBy":"8000","version":0},"5":{"primaryKey":{"komaPatternCode":999,"komaCode":5},"komaName":"koma5","startTime":1300,"endTime":1400,"isAllowedTandokuKashidashi":true,"isDisplayedWeb":true,"isAllowedShinseiWeb":true,"komaGroupCode":1,"createdAt":"Oct 31, 2017 4:30:00 PM","createdBy":"8000","updatedAt":"Oct 31, 2017 4:30:00 PM","updatedBy":"8000","version":0},"6":{"primaryKey":{"komaPatternCode":999,"komaCode":6},"komaName":"koma6","startTime":1400,"endTime":1500,"isAllowedTandokuKashidashi":true,"isDisplayedWeb":true,"isAllowedShinseiWeb":true,"komaGroupCode":1,"createdAt":"Oct 31, 2017 4:30:00 PM","createdBy":"8000","updatedAt":"Oct 31, 2017 4:30:00 PM","updatedBy":"8000","version":0},"7":{"primaryKey":{"komaPatternCode":999,"komaCode":7},"komaName":"koma7","startTime":1500,"endTime":1600,"isAllowedTandokuKashidashi":true,"isDisplayedWeb":true,"isAllowedShinseiWeb":true,"komaGroupCode":1,"createdAt":"Oct 31, 2017 4:30:00 PM","createdBy":"8000","updatedAt":"Oct 31, 2017 4:30:00 PM","updatedBy":"8000","version":0},"8":{"primaryKey":{"komaPatternCode":999,"komaCode":8},"komaName":"koma8","startTime":1600,"endTime":1700,"isAllowedTandokuKashidashi":true,"isDisplayedWeb":true,"isAllowedShinseiWeb":true,"komaGroupCode":1,"createdAt":"Oct 31, 2017 4:30:00 PM","createdBy":"8000","updatedAt":"Oct 31, 2017 4:30:00 PM","updatedBy":"8000","version":0},"9":{"primaryKey":{"komaPatternCode":999,"komaCode":9},"komaName":"koma9","startTime":1700,"endTime":1800,"isAllowedTandokuKashidashi":true,"isDisplayedWeb":true,"isAllowedShinseiWeb":true,"komaGroupCode":1,"createdAt":"Oct 31, 2017 4:30:00 PM","createdBy":"8000","updatedAt":"Oct 31, 2017 4:30:00 PM","updatedBy":"8000","version":0},"10":{"primaryKey":{"komaPatternCode":999,"komaCode":10},"komaName":"koma1","startTime":1800,"endTime":1900,"isAllowedTandokuKashidashi":true,"isDisplayedWeb":true,"isAllowedShinseiWeb":true,"komaGroupCode":1,"createdAt":"Oct 31, 2017 4:30:00 PM","createdBy":"8000","updatedAt":"Oct 31, 2017 4:30:00 PM","updatedBy":"8000","version":0},"11":{"primaryKey":{"komaPatternCode":999,"komaCode":11},"komaName":"koma1","startTime":1900,"endTime":2000,"isAllowedTandokuKashidashi":true,"isDisplayedWeb":true,"isAllowedShinseiWeb":true,"komaGroupCode":1,"createdAt":"Oct 31, 2017 4:30:00 PM","createdBy":"8000","updatedAt":"Oct 31, 2017 4:30:00 PM","updatedBy":"8000","version":0},"12":{"primaryKey":{"komaPatternCode":999,"komaCode":12},"komaName":"koma1","startTime":2000,"endTime":2100,"isAllowedTandokuKashidashi":true,"isDisplayedWeb":true,"isAllowedShinseiWeb":true,"komaGroupCode":1,"createdAt":"Oct 31, 2017 4:30:00 PM","createdBy":"8000","updatedAt":"Oct 31, 2017 4:30:00 PM","updatedBy":"8000","version":0},"13":{"primaryKey":{"komaPatternCode":999,"komaCode":13},"komaName":"koma1","startTime":2100,"endTime":2130,"isAllowedTandokuKashidashi":true,"isDisplayedWeb":true,"isAllowedShinseiWeb":true,"komaGroupCode":1,"createdAt":"Oct 31, 2017 4:30:00 PM","createdBy":"8000","updatedAt":"Oct 31, 2017 4:30:00 PM","updatedBy":"8000","version":0}},"bashoName":"青少年館","kashidashiTaniName":"","shinseiShurui":"HONYOYAKU","reservableMKashidashiTanis":[{"primaryKey":{"kanriCode":14,"shisetsuCode":40,"kashidashiTaniCode":0},"kashidashiTaniName":"","kashidashiTaniChohyoName":"","createdAt":"Oct 31, 2017 9:42:00 AM","createdBy":"8000","updatedAt":"Oct 31, 2017 9:42:00 AM","updatedBy":"8000","version":0}],"mShiyoMokutekiList":[{"shiyoMokutekiCode":1010,"shiyoMokutekiName":"合唱","isDisplayedWeb":true,"createdAt":"Oct 31, 2017 9:42:00 AM","createdBy":"8000","updatedAt":"Oct 31, 2017 9:42:00 AM","updatedBy":"8000","version":0},{"shiyoMokutekiCode":1030,"shiyoMokutekiName":"器楽（音量小）","isDisplayedWeb":true,"createdAt":"Oct 31, 2017 9:42:00 AM","createdBy":"8000","updatedAt":"Oct 31, 2017 9:42:00 AM","updatedBy":"8000","version":0},{"shiyoMokutekiCode":1040,"shiyoMokutekiName":"詩吟・民謡","isDisplayedWeb":true,"createdAt":"Oct 31, 2017 9:42:00 AM","createdBy":"8000","updatedAt":"Oct 31, 2017 9:42:00 AM","updatedBy":"8000","version":0},{"shiyoMokutekiCode":1060,"shiyoMokutekiName":"会議・学習（一般）","isDisplayedWeb":true,"createdAt":"Oct 31, 2017 9:42:00 AM","createdBy":"8000","updatedAt":"Oct 31, 2017 9:42:00 AM","updatedBy":"8000","version":0},{"shiyoMokutekiCode":1080,"shiyoMokutekiName":"教育","isDisplayedWeb":true,"createdAt":"Oct 31, 2017 9:42:00 AM","createdBy":"8000","updatedAt":"Oct 31, 2017 9:42:00 AM","updatedBy":"8000","version":0},{"shiyoMokutekiCode":1090,"shiyoMokutekiName":"保育","isDisplayedWeb":true,"createdAt":"Oct 31, 2017 9:42:00 AM","createdBy":"8000","updatedAt":"Oct 31, 2017 9:42:00 AM","updatedBy":"8000","version":0},{"shiyoMokutekiCode":1120,"shiyoMokutekiName":"文芸","isDisplayedWeb":true,"createdAt":"Oct 31, 2017 9:42:00 AM","createdBy":"8000","updatedAt":"Oct 31, 2017 9:42:00 AM","updatedBy":"8000","version":0},{"shiyoMokutekiCode":1130,"shiyoMokutekiName":"絵画","isDisplayedWeb":true,"createdAt":"Oct 31, 2017 9:42:00 AM","createdBy":"8000","updatedAt":"Oct 31, 2017 9:42:00 AM","updatedBy":"8000","version":0},{"shiyoMokutekiCode":1140,"shiyoMokutekiName":"工芸","isDisplayedWeb":true,"createdAt":"Oct 31, 2017 9:42:00 AM","createdBy":"8000","updatedAt":"Oct 31, 2017 9:42:00 AM","updatedBy":"8000","version":0},{"shiyoMokutekiCode":1160,"shiyoMokutekiName":"舞踊","isDisplayedWeb":true,"createdAt":"Oct 31, 2017 9:42:00 AM","createdBy":"8000","updatedAt":"Oct 31, 2017 9:42:00 AM","updatedBy":"8000","version":0},{"shiyoMokutekiCode":1170,"shiyoMokutekiName":"演劇（立ち稽古）","isDisplayedWeb":true,"createdAt":"Oct 31, 2017 9:42:00 AM","createdBy":"8000","updatedAt":"Oct 31, 2017 9:42:00 AM","updatedBy":"8000","version":0},{"shiyoMokutekiCode":1180,"shiyoMokutekiName":"演劇（読み合わせ）","isDisplayedWeb":true,"createdAt":"Oct 31, 2017 9:42:00 AM","createdBy":"8000","updatedAt":"Oct 31, 2017 9:42:00 AM","updatedBy":"8000","version":0},{"shiyoMokutekiCode":1190,"shiyoMokutekiName":"洋和裁","isDisplayedWeb":true,"createdAt":"Oct 31, 2017 9:42:00 AM","createdBy":"8000","updatedAt":"Oct 31, 2017 9:42:00 AM","updatedBy":"8000","version":0},{"shiyoMokutekiCode":1240,"shiyoMokutekiName":"人形劇","isDisplayedWeb":true,"createdAt":"Oct 31, 2017 9:42:00 AM","createdBy":"8000","updatedAt":"Oct 31, 2017 9:42:00 AM","updatedBy":"8000","version":0},{"shiyoMokutekiCode":1250,"shiyoMokutekiName":"書道","isDisplayedWeb":true,"createdAt":"Oct 31, 2017 9:42:00 AM","createdBy":"8000","updatedAt":"Oct 31, 2017 9:42:00 AM","updatedBy":"8000","version":0},{"shiyoMokutekiCode":1260,"shiyoMokutekiName":"華道","isDisplayedWeb":true,"createdAt":"Oct 31, 2017 9:42:00 AM","createdBy":"8000","updatedAt":"Oct 31, 2017 9:42:00 AM","updatedBy":"8000","version":0},{"shiyoMokutekiCode":2110,"shiyoMokutekiName":"バレエ・洋舞練習","isDisplayedWeb":true,"createdAt":"Oct 31, 2017 9:42:00 AM","createdBy":"8000","updatedAt":"Oct 31, 2017 9:42:00 AM","updatedBy":"8000","version":0},{"shiyoMokutekiCode":3140,"shiyoMokutekiName":"体操","isDisplayedWeb":true,"createdAt":"Oct 31, 2017 9:42:00 AM","createdBy":"8000","updatedAt":"Oct 31, 2017 9:42:00 AM","updatedBy":"8000","version":0},{"shiyoMokutekiCode":3160,"shiyoMokutekiName":"空手","isDisplayedWeb":true,"createdAt":"Oct 31, 2017 9:42:00 AM","createdBy":"8000","updatedAt":"Oct 31, 2017 9:42:00 AM","updatedBy":"8000","version":0},{"shiyoMokutekiCode":3180,"shiyoMokutekiName":"ダンス","isDisplayedWeb":true,"createdAt":"Oct 31, 2017 9:42:00 AM","createdBy":"8000","updatedAt":"Oct 31, 2017 9:42:00 AM","updatedBy":"8000","version":0},{"shiyoMokutekiCode":3190,"shiyoMokutekiName":"軽ダンス","isDisplayedWeb":true,"createdAt":"Oct 31, 2017 9:42:00 AM","createdBy":"8000","updatedAt":"Oct 31, 2017 9:42:00 AM","updatedBy":"8000","version":0},{"shiyoMokutekiCode":3200,"shiyoMokutekiName":"社交ダンス","isDisplayedWeb":true,"createdAt":"Oct 31, 2017 9:42:00 AM","createdBy":"8000","updatedAt":"Oct 31, 2017 9:42:00 AM","updatedBy":"8000","version":0}],"selectedMKashidashiTani":{"primaryKey":{"kanriCode":14,"shisetsuCode":40,"kashidashiTaniCode":0},"kashidashiTaniName":"","kashidashiTaniChohyoName":"","createdAt":"Oct 31, 2017 9:42:00 AM","createdBy":"8000","updatedAt":"Oct 31, 2017 9:42:00 AM","updatedBy":"8000","version":0},"mShiyoMokuteki":{"shiyoMokutekiCode":3180,"shiyoMokutekiName":"ダンス","isDisplayedWeb":true,"createdAt":"Oct 31, 2017 9:42:00 AM","createdBy":"8000","updatedAt":"Oct 31, 2017 9:42:00 AM","updatedBy":"8000","version":0},"isDeleted":false,"isAdded":false,"nyujoRyokinDtos":[],"nyujoRyokinKomaDtos":[],"rehearsalDtos":[],"koenTimeDtos":[],"mChusenGroup":{"chusenGroupCode":12,"chusenGroupName":"文化３ヶ月前抽選","chusenTaishoNengetsu":201809,"chusenTaishoStartDate":1,"chusenTaishoEndDate":31,"moshikomiKikanStart":301,"moshikomiKikanEnd":331,"chusenKikanStart":201,"chusenKikanEnd":201,"chusenDate":201,"isEnabledSetMoshikomi":true,"isAllowedPenaltyRiyosha":true,"chusenHohoYusen1":"0","chusenHohoYusen2":"1","rirekiSanshoTsukisu":1,"isEnabledKonkaiTosen":false,"isEnabledAkikomaTosen":false,"tosenYoyakuShurui":"0","isEnabledMoshikomiMail":false,"isEnabledKekkaMail":false,"createdAt":"Jan 17, 2018 12:00:00 AM","createdBy":"8000","updatedAt":"Jan 17, 2018 12:00:00 AM","updatedBy":"8000","version":0},"komaCode":["14030040201807110900213001132"],"ryokinDtoMap":{"SHISETSU":{"ryokinSanshutsuKomokuDtos":[],"primaryKey":{"id":38239,"ryokinKubun":"0"},"kihonRyokin":6600,"kasangakuGokei":0,"gemmengakuGokei":0,"waribikigakuGokei":0,"hasuChoseigaku":0,"tenyuryokuChoseigaku":0,"ryokinGokei":6600,"ryoshuGokei":0,"kampuGokei":0,"zenkaiShiyoRyokin":0,"miseisanCancelRyokinGokei":0,"createdAt":"Jul 6, 2018 10:52:50 AM","createdBy":"1-tnt","updatedAt":"Jul 6, 2018 10:52:50 AM","updatedBy":"1-tnt","version":1},"SETSUBI":{"ryokinSanshutsuKomokuDtos":[],"primaryKey":{"ryokinKubun":"1"},"kihonRyokin":0,"kasangakuGokei":0,"gemmengakuGokei":0,"waribikigakuGokei":0,"hasuChoseigaku":0,"tenyuryokuChoseigaku":0,"ryokinGokei":0,"ryoshuGokei":0,"kampuGokei":0,"zenkaiShiyoRyokin":0,"miseisanCancelRyokinGokei":0}},"setsubiShinseiDtos":[],"id":38239,"kanriCode":14,"shinseiNumber":327,"meisaiNumber":2,"meisaiKoshinKaisu":0,"meisaiJotai":"0","bashoCode":30,"shisetsuCode":40,"kashidashiTaniCode":0,"shiyoDate":"Jul 11, 2018 12:00:00 AM","yobiPattern":"0","startKoma":1,"endKoma":13,"startTime":900,"endTime":2130,"ryokinTaikeiCode":1,"shiyoMokutekiCode":3180,"uketsukeDate":"Jul 6, 2018 10:52:17 AM","uketsukeBashoCode":901,"isUsed":false,"createdAt":"Jul 6, 2018 10:52:50 AM","createdBy":"1-tnt","updatedAt":"Jul 6, 2018 10:52:50 AM","updatedBy":"1-tnt","version":1},{"mShisetsu":{"primaryKey":{"kanriCode":14,"shisetsuCode":40},"shisetsuName":"実習室","shisetsuChohyoName":"実習室","uketsukeStartDate":"Apr 1, 2010 12:00:00 AM","uketsukeEndDate":"Apr 1, 2020 12:00:00 AM","shiyoStartDate":"Apr 1, 2010 12:00:00 AM","shiyoEndDate":"Apr 1, 2020 12:00:00 AM","bashoCode":30,"kashidashiGroupCode":110,"teiinsu":20,"ryokinKeisanKijunDate":"1","ryoshuYoteiDateKeisu":0,"ryoshuYoteiDateTani":"2","maebaraiKingakuWariai":0,"kuriageEnchoTaniJikan":30,"kuriageEnchoKirisuteJikan":0,"shisetsuKashidashiHoshiki":"0","mensuHyojiTani":"面","yoyakuShurui":"1","isAllowedZengoKomaShiyo":true,"isHeiyoRiyo":false,"koenJikanCode":1,"tokeisakuseiWeight":1,"createdAt":"Oct 31, 2017 9:42:00 AM","createdBy":"8000","updatedAt":"Oct 31, 2017 9:42:00 AM","updatedBy":"8000","version":0},"mKomaMap":{"1":{"primaryKey":{"komaPatternCode":999,"komaCode":1},"komaName":"koma1","startTime":900,"endTime":1000,"isAllowedTandokuKashidashi":true,"isDisplayedWeb":true,"isAllowedShinseiWeb":true,"komaGroupCode":1,"createdAt":"Oct 31, 2017 4:30:00 PM","createdBy":"8000","updatedAt":"Oct 31, 2017 4:30:00 PM","updatedBy":"8000","version":0},"2":{"primaryKey":{"komaPatternCode":999,"komaCode":2},"komaName":"koma2","startTime":1000,"endTime":1100,"isAllowedTandokuKashidashi":true,"isDisplayedWeb":true,"isAllowedShinseiWeb":true,"komaGroupCode":1,"createdAt":"Oct 31, 2017 4:30:00 PM","createdBy":"8000","updatedAt":"Oct 31, 2017 4:30:00 PM","updatedBy":"8000","version":0},"3":{"primaryKey":{"komaPatternCode":999,"komaCode":3},"komaName":"koma3","startTime":1100,"endTime":1200,"isAllowedTandokuKashidashi":true,"isDisplayedWeb":true,"isAllowedShinseiWeb":true,"komaGroupCode":1,"createdAt":"Oct 31, 2017 4:30:00 PM","createdBy":"8000","updatedAt":"Oct 31, 2017 4:30:00 PM","updatedBy":"8000","version":0},"4":{"primaryKey":{"komaPatternCode":999,"komaCode":4},"komaName":"koma4","startTime":1200,"endTime":1300,"isAllowedTandokuKashidashi":true,"isDisplayedWeb":true,"isAllowedShinseiWeb":true,"komaGroupCode":1,"createdAt":"Oct 31, 2017 4:30:00 PM","createdBy":"8000","updatedAt":"Oct 31, 2017 4:30:00 PM","updatedBy":"8000","version":0},"5":{"primaryKey":{"komaPatternCode":999,"komaCode":5},"komaName":"koma5","startTime":1300,"endTime":1400,"isAllowedTandokuKashidashi":true,"isDisplayedWeb":true,"isAllowedShinseiWeb":true,"komaGroupCode":1,"createdAt":"Oct 31, 2017 4:30:00 PM","createdBy":"8000","updatedAt":"Oct 31, 2017 4:30:00 PM","updatedBy":"8000","version":0},"6":{"primaryKey":{"komaPatternCode":999,"komaCode":6},"komaName":"koma6","startTime":1400,"endTime":1500,"isAllowedTandokuKashidashi":true,"isDisplayedWeb":true,"isAllowedShinseiWeb":true,"komaGroupCode":1,"createdAt":"Oct 31, 2017 4:30:00 PM","createdBy":"8000","updatedAt":"Oct 31, 2017 4:30:00 PM","updatedBy":"8000","version":0},"7":{"primaryKey":{"komaPatternCode":999,"komaCode":7},"komaName":"koma7","startTime":1500,"endTime":1600,"isAllowedTandokuKashidashi":true,"isDisplayedWeb":true,"isAllowedShinseiWeb":true,"komaGroupCode":1,"createdAt":"Oct 31, 2017 4:30:00 PM","createdBy":"8000","updatedAt":"Oct 31, 2017 4:30:00 PM","updatedBy":"8000","version":0},"8":{"primaryKey":{"komaPatternCode":999,"komaCode":8},"komaName":"koma8","startTime":1600,"endTime":1700,"isAllowedTandokuKashidashi":true,"isDisplayedWeb":true,"isAllowedShinseiWeb":true,"komaGroupCode":1,"createdAt":"Oct 31, 2017 4:30:00 PM","createdBy":"8000","updatedAt":"Oct 31, 2017 4:30:00 PM","updatedBy":"8000","version":0},"9":{"primaryKey":{"komaPatternCode":999,"komaCode":9},"komaName":"koma9","startTime":1700,"endTime":1800,"isAllowedTandokuKashidashi":true,"isDisplayedWeb":true,"isAllowedShinseiWeb":true,"komaGroupCode":1,"createdAt":"Oct 31, 2017 4:30:00 PM","createdBy":"8000","updatedAt":"Oct 31, 2017 4:30:00 PM","updatedBy":"8000","version":0},"10":{"primaryKey":{"komaPatternCode":999,"komaCode":10},"komaName":"koma1","startTime":1800,"endTime":1900,"isAllowedTandokuKashidashi":true,"isDisplayedWeb":true,"isAllowedShinseiWeb":true,"komaGroupCode":1,"createdAt":"Oct 31, 2017 4:30:00 PM","createdBy":"8000","updatedAt":"Oct 31, 2017 4:30:00 PM","updatedBy":"8000","version":0},"11":{"primaryKey":{"komaPatternCode":999,"komaCode":11},"komaName":"koma1","startTime":1900,"endTime":2000,"isAllowedTandokuKashidashi":true,"isDisplayedWeb":true,"isAllowedShinseiWeb":true,"komaGroupCode":1,"createdAt":"Oct 31, 2017 4:30:00 PM","createdBy":"8000","updatedAt":"Oct 31, 2017 4:30:00 PM","updatedBy":"8000","version":0},"12":{"primaryKey":{"komaPatternCode":999,"komaCode":12},"komaName":"koma1","startTime":2000,"endTime":2100,"isAllowedTandokuKashidashi":true,"isDisplayedWeb":true,"isAllowedShinseiWeb":true,"komaGroupCode":1,"createdAt":"Oct 31, 2017 4:30:00 PM","createdBy":"8000","updatedAt":"Oct 31, 2017 4:30:00 PM","updatedBy":"8000","version":0},"13":{"primaryKey":{"komaPatternCode":999,"komaCode":13},"komaName":"koma1","startTime":2100,"endTime":2130,"isAllowedTandokuKashidashi":true,"isDisplayedWeb":true,"isAllowedShinseiWeb":true,"komaGroupCode":1,"createdAt":"Oct 31, 2017 4:30:00 PM","createdBy":"8000","updatedAt":"Oct 31, 2017 4:30:00 PM","updatedBy":"8000","version":0}},"bashoName":"青少年館","kashidashiTaniName":"","shinseiShurui":"HONYOYAKU","reservableMKashidashiTanis":[{"primaryKey":{"kanriCode":14,"shisetsuCode":40,"kashidashiTaniCode":0},"kashidashiTaniName":"","kashidashiTaniChohyoName":"","createdAt":"Oct 31, 2017 9:42:00 AM","createdBy":"8000","updatedAt":"Oct 31, 2017 9:42:00 AM","updatedBy":"8000","version":0}],"mShiyoMokutekiList":[{"shiyoMokutekiCode":1010,"shiyoMokutekiName":"合唱","isDisplayedWeb":true,"createdAt":"Oct 31, 2017 9:42:00 AM","createdBy":"8000","updatedAt":"Oct 31, 2017 9:42:00 AM","updatedBy":"8000","version":0},{"shiyoMokutekiCode":1030,"shiyoMokutekiName":"器楽（音量小）","isDisplayedWeb":true,"createdAt":"Oct 31, 2017 9:42:00 AM","createdBy":"8000","updatedAt":"Oct 31, 2017 9:42:00 AM","updatedBy":"8000","version":0},{"shiyoMokutekiCode":1040,"shiyoMokutekiName":"詩吟・民謡","isDisplayedWeb":true,"createdAt":"Oct 31, 2017 9:42:00 AM","createdBy":"8000","updatedAt":"Oct 31, 2017 9:42:00 AM","updatedBy":"8000","version":0},{"shiyoMokutekiCode":1060,"shiyoMokutekiName":"会議・学習（一般）","isDisplayedWeb":true,"createdAt":"Oct 31, 2017 9:42:00 AM","createdBy":"8000","updatedAt":"Oct 31, 2017 9:42:00 AM","updatedBy":"8000","version":0},{"shiyoMokutekiCode":1080,"shiyoMokutekiName":"教育","isDisplayedWeb":true,"createdAt":"Oct 31, 2017 9:42:00 AM","createdBy":"8000","updatedAt":"Oct 31, 2017 9:42:00 AM","updatedBy":"8000","version":0},{"shiyoMokutekiCode":1090,"shiyoMokutekiName":"保育","isDisplayedWeb":true,"createdAt":"Oct 31, 2017 9:42:00 AM","createdBy":"8000","updatedAt":"Oct 31, 2017 9:42:00 AM","updatedBy":"8000","version":0},{"shiyoMokutekiCode":1120,"shiyoMokutekiName":"文芸","isDisplayedWeb":true,"createdAt":"Oct 31, 2017 9:42:00 AM","createdBy":"8000","updatedAt":"Oct 31, 2017 9:42:00 AM","updatedBy":"8000","version":0},{"shiyoMokutekiCode":1130,"shiyoMokutekiName":"絵画","isDisplayedWeb":true,"createdAt":"Oct 31, 2017 9:42:00 AM","createdBy":"8000","updatedAt":"Oct 31, 2017 9:42:00 AM","updatedBy":"8000","version":0},{"shiyoMokutekiCode":1140,"shiyoMokutekiName":"工芸","isDisplayedWeb":true,"createdAt":"Oct 31, 2017 9:42:00 AM","createdBy":"8000","updatedAt":"Oct 31, 2017 9:42:00 AM","updatedBy":"8000","version":0},{"shiyoMokutekiCode":1160,"shiyoMokutekiName":"舞踊","isDisplayedWeb":true,"createdAt":"Oct 31, 2017 9:42:00 AM","createdBy":"8000","updatedAt":"Oct 31, 2017 9:42:00 AM","updatedBy":"8000","version":0},{"shiyoMokutekiCode":1170,"shiyoMokutekiName":"演劇（立ち稽古）","isDisplayedWeb":true,"createdAt":"Oct 31, 2017 9:42:00 AM","createdBy":"8000","updatedAt":"Oct 31, 2017 9:42:00 AM","updatedBy":"8000","version":0},{"shiyoMokutekiCode":1180,"shiyoMokutekiName":"演劇（読み合わせ）","isDisplayedWeb":true,"createdAt":"Oct 31, 2017 9:42:00 AM","createdBy":"8000","updatedAt":"Oct 31, 2017 9:42:00 AM","updatedBy":"8000","version":0},{"shiyoMokutekiCode":1190,"shiyoMokutekiName":"洋和裁","isDisplayedWeb":true,"createdAt":"Oct 31, 2017 9:42:00 AM","createdBy":"8000","updatedAt":"Oct 31, 2017 9:42:00 AM","updatedBy":"8000","version":0},{"shiyoMokutekiCode":1240,"shiyoMokutekiName":"人形劇","isDisplayedWeb":true,"createdAt":"Oct 31, 2017 9:42:00 AM","createdBy":"8000","updatedAt":"Oct 31, 2017 9:42:00 AM","updatedBy":"8000","version":0},{"shiyoMokutekiCode":1250,"shiyoMokutekiName":"書道","isDisplayedWeb":true,"createdAt":"Oct 31, 2017 9:42:00 AM","createdBy":"8000","updatedAt":"Oct 31, 2017 9:42:00 AM","updatedBy":"8000","version":0},{"shiyoMokutekiCode":1260,"shiyoMokutekiName":"華道","isDisplayedWeb":true,"createdAt":"Oct 31, 2017 9:42:00 AM","createdBy":"8000","updatedAt":"Oct 31, 2017 9:42:00 AM","updatedBy":"8000","version":0},{"shiyoMokutekiCode":2110,"shiyoMokutekiName":"バレエ・洋舞練習","isDisplayedWeb":true,"createdAt":"Oct 31, 2017 9:42:00 AM","createdBy":"8000","updatedAt":"Oct 31, 2017 9:42:00 AM","updatedBy":"8000","version":0},{"shiyoMokutekiCode":3140,"shiyoMokutekiName":"体操","isDisplayedWeb":true,"createdAt":"Oct 31, 2017 9:42:00 AM","createdBy":"8000","updatedAt":"Oct 31, 2017 9:42:00 AM","updatedBy":"8000","version":0},{"shiyoMokutekiCode":3160,"shiyoMokutekiName":"空手","isDisplayedWeb":true,"createdAt":"Oct 31, 2017 9:42:00 AM","createdBy":"8000","updatedAt":"Oct 31, 2017 9:42:00 AM","updatedBy":"8000","version":0},{"shiyoMokutekiCode":3180,"shiyoMokutekiName":"ダンス","isDisplayedWeb":true,"createdAt":"Oct 31, 2017 9:42:00 AM","createdBy":"8000","updatedAt":"Oct 31, 2017 9:42:00 AM","updatedBy":"8000","version":0},{"shiyoMokutekiCode":3190,"shiyoMokutekiName":"軽ダンス","isDisplayedWeb":true,"createdAt":"Oct 31, 2017 9:42:00 AM","createdBy":"8000","updatedAt":"Oct 31, 2017 9:42:00 AM","updatedBy":"8000","version":0},{"shiyoMokutekiCode":3200,"shiyoMokutekiName":"社交ダンス","isDisplayedWeb":true,"createdAt":"Oct 31, 2017 9:42:00 AM","createdBy":"8000","updatedAt":"Oct 31, 2017 9:42:00 AM","updatedBy":"8000","version":0}],"selectedMKashidashiTani":{"primaryKey":{"kanriCode":14,"shisetsuCode":40,"kashidashiTaniCode":0},"kashidashiTaniName":"","kashidashiTaniChohyoName":"","createdAt":"Oct 31, 2017 9:42:00 AM","createdBy":"8000","updatedAt":"Oct 31, 2017 9:42:00 AM","updatedBy":"8000","version":0},"mShiyoMokuteki":{"shiyoMokutekiCode":3200,"shiyoMokutekiName":"社交ダンス","isDisplayedWeb":true,"createdAt":"Oct 31, 2017 9:42:00 AM","createdBy":"8000","updatedAt":"Oct 31, 2017 9:42:00 AM","updatedBy":"8000","version":0},"isDeleted":false,"isAdded":false,"nyujoRyokinDtos":[],"nyujoRyokinKomaDtos":[],"rehearsalDtos":[],"koenTimeDtos":[],"mChusenGroup":{"chusenGroupCode":12,"chusenGroupName":"文化３ヶ月前抽選","chusenTaishoNengetsu":201809,"chusenTaishoStartDate":1,"chusenTaishoEndDate":31,"moshikomiKikanStart":301,"moshikomiKikanEnd":331,"chusenKikanStart":201,"chusenKikanEnd":201,"chusenDate":201,"isEnabledSetMoshikomi":true,"isAllowedPenaltyRiyosha":true,"chusenHohoYusen1":"0","chusenHohoYusen2":"1","rirekiSanshoTsukisu":1,"isEnabledKonkaiTosen":false,"isEnabledAkikomaTosen":false,"tosenYoyakuShurui":"0","isEnabledMoshikomiMail":false,"isEnabledKekkaMail":false,"createdAt":"Jan 17, 2018 12:00:00 AM","createdBy":"8000","updatedAt":"Jan 17, 2018 12:00:00 AM","updatedBy":"8000","version":0},"komaCode":["14030040201807120900213001132"],"ryokinDtoMap":{"SHISETSU":{"ryokinSanshutsuKomokuDtos":[],"primaryKey":{"id":38240,"ryokinKubun":"0"},"kihonRyokin":6600,"kasangakuGokei":0,"gemmengakuGokei":0,"waribikigakuGokei":0,"hasuChoseigaku":0,"tenyuryokuChoseigaku":0,"ryokinGokei":6600,"ryoshuGokei":0,"kampuGokei":0,"zenkaiShiyoRyokin":0,"miseisanCancelRyokinGokei":0,"createdAt":"Jul 6, 2018 10:52:50 AM","createdBy":"1-tnt","updatedAt":"Jul 6, 2018 10:52:50 AM","updatedBy":"1-tnt","version":1},"SETSUBI":{"ryokinSanshutsuKomokuDtos":[],"primaryKey":{"ryokinKubun":"1"},"kihonRyokin":0,"kasangakuGokei":0,"gemmengakuGokei":0,"waribikigakuGokei":0,"hasuChoseigaku":0,"tenyuryokuChoseigaku":0,"ryokinGokei":0,"ryoshuGokei":0,"kampuGokei":0,"zenkaiShiyoRyokin":0,"miseisanCancelRyokinGokei":0}},"setsubiShinseiDtos":[],"id":38240,"kanriCode":14,"shinseiNumber":327,"meisaiNumber":3,"meisaiKoshinKaisu":0,"meisaiJotai":"0","bashoCode":30,"shisetsuCode":40,"kashidashiTaniCode":0,"shiyoDate":"Jul 12, 2018 12:00:00 AM","yobiPattern":"0","startKoma":1,"endKoma":13,"startTime":900,"endTime":2130,"ryokinTaikeiCode":1,"shiyoMokutekiCode":3200,"uketsukeDate":"Jul 6, 2018 10:52:17 AM","uketsukeBashoCode":901,"isUsed":false,"createdAt":"Jul 6, 2018 10:52:50 AM","createdBy":"1-tnt","updatedAt":"Jul 6, 2018 10:52:50 AM","updatedBy":"1-tnt","version":1}]}
