{"HONYOYAKU":{"jp.ne.yec.seagullLC.stagia.beans.shinsei.ShinseiDto@3fa9893":[{"mShisetsu":{"primaryKey":{"kanriCode":10,"shisetsuCode":10},"shisetsuName":"会議室","shisetsuChohyoName":"会議室","uketsukeStartDate":"Apr 1, 2010 12:00:00 AM","uketsukeEndDate":"Apr 1, 2020 12:00:00 AM","shiyoStartDate":"Apr 1, 2010 12:00:00 AM","shiyoEndDate":"Apr 1, 2020 12:00:00 AM","bashoCode":10,"kashidashiGroupCode":112,"teiinsu":20,"ryokinKeisanKijunDate":"1","ryoshuYoteiDateKeisu":0,"ryoshuYoteiDateTani":"2","maebaraiKingakuWariai":0,"kuriageEnchoTaniJikan":30,"kuriageEnchoKirisuteJikan":0,"shisetsuKashidashiHoshiki":"1","mensuHyojiTani":"面","yoyakuShurui":"1","isAllowedZengoKomaShiyo":true,"isHeiyoRiyo":false,"koenJikanCode":1,"tokeisakuseiWeight":1,"createdAt":"Oct 31, 2017 9:42:00 AM","createdBy":"8000","updatedAt":"Oct 31, 2017 9:42:00 AM","updatedBy":"8000","version":0},"mKomaMap":{"1":{"primaryKey":{"komaPatternCode":112,"komaCode":1},"komaName":"","startTime":900,"endTime":1000,"isAllowedTandokuKashidashi":true,"isDisplayedWeb":true,"isAllowedShinseiWeb":false,"komaGroupCode":1,"createdAt":"Oct 31, 2017 4:30:00 PM","createdBy":"8000","updatedAt":"Oct 31, 2017 4:30:00 PM","updatedBy":"8000","version":0},"2":{"primaryKey":{"komaPatternCode":112,"komaCode":2},"komaName":"","startTime":1000,"endTime":1100,"isAllowedTandokuKashidashi":true,"isDisplayedWeb":true,"isAllowedShinseiWeb":true,"komaGroupCode":1,"createdAt":"Oct 31, 2017 4:30:00 PM","createdBy":"8000","updatedAt":"Oct 31, 2017 4:30:00 PM","updatedBy":"8000","version":0},"3":{"primaryKey":{"komaPatternCode":112,"komaCode":3},"komaName":"","startTime":1100,"endTime":1200,"isAllowedTandokuKashidashi":true,"isDisplayedWeb":true,"isAllowedShinseiWeb":true,"komaGroupCode":1,"createdAt":"Oct 31, 2017 4:30:00 PM","createdBy":"8000","updatedAt":"Oct 31, 2017 4:30:00 PM","updatedBy":"8000","version":0},"4":{"primaryKey":{"komaPatternCode":112,"komaCode":4},"komaName":"","startTime":1200,"endTime":1300,"isAllowedTandokuKashidashi":false,"isDisplayedWeb":false,"isAllowedShinseiWeb":true,"komaGroupCode":2,"createdAt":"Oct 31, 2017 4:30:00 PM","createdBy":"8000","updatedAt":"Oct 31, 2017 4:30:00 PM","updatedBy":"8000","version":0},"5":{"primaryKey":{"komaPatternCode":112,"komaCode":5},"komaName":"","startTime":1300,"endTime":1400,"isAllowedTandokuKashidashi":true,"isDisplayedWeb":true,"isAllowedShinseiWeb":true,"komaGroupCode":3,"createdAt":"Oct 31, 2017 4:30:00 PM","createdBy":"8000","updatedAt":"Oct 31, 2017 4:30:00 PM","updatedBy":"8000","version":0},"6":{"primaryKey":{"komaPatternCode":112,"komaCode":6},"komaName":"","startTime":1400,"endTime":1500,"isAllowedTandokuKashidashi":true,"isDisplayedWeb":true,"isAllowedShinseiWeb":true,"komaGroupCode":3,"createdAt":"Oct 31, 2017 4:30:00 PM","createdBy":"8000","updatedAt":"Oct 31, 2017 4:30:00 PM","updatedBy":"8000","version":0},"7":{"primaryKey":{"komaPatternCode":112,"komaCode":7},"komaName":"","startTime":1500,"endTime":1600,"isAllowedTandokuKashidashi":true,"isDisplayedWeb":true,"isAllowedShinseiWeb":true,"komaGroupCode":3,"createdAt":"Oct 31, 2017 4:30:00 PM","createdBy":"8000","updatedAt":"Oct 31, 2017 4:30:00 PM","updatedBy":"8000","version":0},"8":{"primaryKey":{"komaPatternCode":112,"komaCode":8},"komaName":"","startTime":1600,"endTime":1700,"isAllowedTandokuKashidashi":true,"isDisplayedWeb":true,"isAllowedShinseiWeb":true,"komaGroupCode":3,"createdAt":"Oct 31, 2017 4:30:00 PM","createdBy":"8000","updatedAt":"Oct 31, 2017 4:30:00 PM","updatedBy":"8000","version":0},"9":{"primaryKey":{"komaPatternCode":112,"komaCode":9},"komaName":"","startTime":1700,"endTime":1800,"isAllowedTandokuKashidashi":false,"isDisplayedWeb":true,"isAllowedShinseiWeb":true,"komaGroupCode":4,"createdAt":"Oct 31, 2017 4:30:00 PM","createdBy":"8000","updatedAt":"Oct 31, 2017 4:30:00 PM","updatedBy":"8000","version":0},"10":{"primaryKey":{"komaPatternCode":112,"komaCode":10},"komaName":"","startTime":1800,"endTime":1900,"isAllowedTandokuKashidashi":true,"isDisplayedWeb":true,"isAllowedShinseiWeb":true,"komaGroupCode":5,"createdAt":"Oct 31, 2017 4:30:00 PM","createdBy":"8000","updatedAt":"Oct 31, 2017 4:30:00 PM","updatedBy":"8000","version":0},"11":{"primaryKey":{"komaPatternCode":112,"komaCode":11},"komaName":"","startTime":1900,"endTime":2000,"isAllowedTandokuKashidashi":true,"isDisplayedWeb":true,"isAllowedShinseiWeb":true,"komaGroupCode":5,"createdAt":"Oct 31, 2017 4:30:00 PM","createdBy":"8000","updatedAt":"Oct 31, 2017 4:30:00 PM","updatedBy":"8000","version":0},"12":{"primaryKey":{"komaPatternCode":112,"komaCode":12},"komaName":"","startTime":2000,"endTime":2100,"isAllowedTandokuKashidashi":true,"isDisplayedWeb":true,"isAllowedShinseiWeb":true,"komaGroupCode":5,"createdAt":"Oct 31, 2017 4:30:00 PM","createdBy":"8000","updatedAt":"Oct 31, 2017 4:30:00 PM","updatedBy":"8000","version":0},"13":{"primaryKey":{"komaPatternCode":112,"komaCode":13},"komaName":"","startTime":2100,"endTime":2130,"isAllowedTandokuKashidashi":true,"isDisplayedWeb":true,"isAllowedShinseiWeb":true,"komaGroupCode":5,"createdAt":"Oct 31, 2017 4:30:00 PM","createdBy":"8000","updatedAt":"Oct 31, 2017 4:30:00 PM","updatedBy":"8000","version":0}},"bashoName":"生涯学習センター","kashidashiTaniName":"１","shinseiShurui":"HONYOYAKU","reservableMKashidashiTanis":[],"mShiyoMokutekiList":[{"shiyoMokutekiCode":1010,"shiyoMokutekiName":"合唱","isDisplayedWeb":true,"createdAt":"Oct 31, 2017 9:42:00 AM","createdBy":"8000","updatedAt":"Oct 31, 2017 9:42:00 AM","updatedBy":"8000","version":0},{"shiyoMokutekiCode":1030,"shiyoMokutekiName":"器楽（音量小）","isDisplayedWeb":true,"createdAt":"Oct 31, 2017 9:42:00 AM","createdBy":"8000","updatedAt":"Oct 31, 2017 9:42:00 AM","updatedBy":"8000","version":0},{"shiyoMokutekiCode":1040,"shiyoMokutekiName":"詩吟・民謡","isDisplayedWeb":true,"createdAt":"Oct 31, 2017 9:42:00 AM","createdBy":"8000","updatedAt":"Oct 31, 2017 9:42:00 AM","updatedBy":"8000","version":0},{"shiyoMokutekiCode":1060,"shiyoMokutekiName":"会議・学習（一般）","isDisplayedWeb":true,"createdAt":"Oct 31, 2017 9:42:00 AM","createdBy":"8000","updatedAt":"Oct 31, 2017 9:42:00 AM","updatedBy":"8000","version":0},{"shiyoMokutekiCode":1080,"shiyoMokutekiName":"教育","isDisplayedWeb":true,"createdAt":"Oct 31, 2017 9:42:00 AM","createdBy":"8000","updatedAt":"Oct 31, 2017 9:42:00 AM","updatedBy":"8000","version":0},{"shiyoMokutekiCode":1110,"shiyoMokutekiName":"囲碁・将棋","isDisplayedWeb":true,"createdAt":"Oct 31, 2017 9:42:00 AM","createdBy":"8000","updatedAt":"Oct 31, 2017 9:42:00 AM","updatedBy":"8000","version":0},{"shiyoMokutekiCode":1120,"shiyoMokutekiName":"文芸","isDisplayedWeb":true,"createdAt":"Oct 31, 2017 9:42:00 AM","createdBy":"8000","updatedAt":"Oct 31, 2017 9:42:00 AM","updatedBy":"8000","version":0},{"shiyoMokutekiCode":1140,"shiyoMokutekiName":"工芸","isDisplayedWeb":true,"createdAt":"Oct 31, 2017 9:42:00 AM","createdBy":"8000","updatedAt":"Oct 31, 2017 9:42:00 AM","updatedBy":"8000","version":0},{"shiyoMokutekiCode":1160,"shiyoMokutekiName":"舞踊","isDisplayedWeb":true,"createdAt":"Oct 31, 2017 9:42:00 AM","createdBy":"8000","updatedAt":"Oct 31, 2017 9:42:00 AM","updatedBy":"8000","version":0},{"shiyoMokutekiCode":1180,"shiyoMokutekiName":"演劇（読み合わせ）","isDisplayedWeb":true,"createdAt":"Oct 31, 2017 9:42:00 AM","createdBy":"8000","updatedAt":"Oct 31, 2017 9:42:00 AM","updatedBy":"8000","version":0},{"shiyoMokutekiCode":1190,"shiyoMokutekiName":"洋和裁","isDisplayedWeb":true,"createdAt":"Oct 31, 2017 9:42:00 AM","createdBy":"8000","updatedAt":"Oct 31, 2017 9:42:00 AM","updatedBy":"8000","version":0},{"shiyoMokutekiCode":1210,"shiyoMokutekiName":"展示","isDisplayedWeb":true,"createdAt":"Oct 31, 2017 9:42:00 AM","createdBy":"8000","updatedAt":"Oct 31, 2017 9:42:00 AM","updatedBy":"8000","version":0},{"shiyoMokutekiCode":1240,"shiyoMokutekiName":"人形劇","isDisplayedWeb":true,"createdAt":"Oct 31, 2017 9:42:00 AM","createdBy":"8000","updatedAt":"Oct 31, 2017 9:42:00 AM","updatedBy":"8000","version":0},{"shiyoMokutekiCode":3140,"shiyoMokutekiName":"体操","isDisplayedWeb":true,"createdAt":"Oct 31, 2017 9:42:00 AM","createdBy":"8000","updatedAt":"Oct 31, 2017 9:42:00 AM","updatedBy":"8000","version":0},{"shiyoMokutekiCode":3190,"shiyoMokutekiName":"軽ダンス","isDisplayedWeb":true,"createdAt":"Oct 31, 2017 9:42:00 AM","createdBy":"8000","updatedAt":"Oct 31, 2017 9:42:00 AM","updatedBy":"8000","version":0}],"mShiyoMokuteki":{"shiyoMokutekiCode":1010,"shiyoMokutekiName":"合唱","isDisplayedWeb":true,"createdAt":"Oct 31, 2017 9:42:00 AM","createdBy":"8000","updatedAt":"Oct 31, 2017 9:42:00 AM","updatedBy":"8000","version":0},"changedStartKoma":{"primaryKey":{"komaPatternCode":112,"komaCode":1},"komaName":"","startTime":900,"endTime":1000,"isAllowedTandokuKashidashi":true,"isDisplayedWeb":true,"isAllowedShinseiWeb":false,"komaGroupCode":1,"createdAt":"Oct 31, 2017 4:30:00 PM","createdBy":"8000","updatedAt":"Oct 31, 2017 4:30:00 PM","updatedBy":"8000","version":0},"changedEndKoma":{"primaryKey":{"komaPatternCode":112,"komaCode":1},"komaName":"","startTime":900,"endTime":1000,"isAllowedTandokuKashidashi":true,"isDisplayedWeb":true,"isAllowedShinseiWeb":false,"komaGroupCode":1,"createdAt":"Oct 31, 2017 4:30:00 PM","createdBy":"8000","updatedAt":"Oct 31, 2017 4:30:00 PM","updatedBy":"8000","version":0},"isDeleted":false,"isAdded":false,"nyujoRyokinDtos":[],"nyujoRyokinKomaDtos":[],"rehearsalDtos":[],"koenTimeDtos":[],"mChusenGroup":{"chusenGroupCode":12,"chusenGroupName":"文化３ヶ月前抽選","chusenTaishoNengetsu":201809,"chusenTaishoStartDate":1,"chusenTaishoEndDate":31,"moshikomiKikanStart":301,"moshikomiKikanEnd":331,"chusenKikanStart":201,"chusenKikanEnd":201,"chusenDate":201,"isEnabledSetMoshikomi":true,"isAllowedPenaltyRiyosha":true,"chusenHohoYusen1":"0","chusenHohoYusen2":"1","rirekiSanshoTsukisu":1,"isEnabledKonkaiTosen":false,"isEnabledAkikomaTosen":false,"tosenYoyakuShurui":"0","isEnabledMoshikomiMail":false,"isEnabledKekkaMail":false,"createdAt":"Jan 17, 2018 12:00:00 AM","createdBy":"8000","updatedAt":"Jan 17, 2018 12:00:00 AM","updatedBy":"8000","version":0},"komaCode":[],"ryokinDtoMap":{"SETSUBI":{"ryokinSanshutsuKomokuDtos":[],"primaryKey":{"id":38229,"ryokinKubun":"1"},"kihonRyokin":1000,"kasangakuGokei":0,"gemmengakuGokei":0,"waribikigakuGokei":0,"hasuChoseigaku":0,"tenyuryokuChoseigaku":0,"ryokinGokei":1000,"ryoshuGokei":0,"kampuGokei":0,"zenkaiShiyoRyokin":500,"miseisanCancelRyokinGokei":0,"createdAt":"Jul 4, 2018 1:41:30 PM","createdBy":"1-tnt","updatedAt":"Jul 4, 2018 4:10:55 PM","updatedBy":"1-tnt","version":3},"SHISETSU":{"ryokinSanshutsuKomokuDtos":[],"primaryKey":{"id":38229,"ryokinKubun":"0"},"kihonRyokin":0,"kasangakuGokei":0,"gemmengakuGokei":0,"waribikigakuGokei":0,"hasuChoseigaku":0,"tenyuryokuChoseigaku":0,"ryokinGokei":0,"ryoshuGokei":0,"kampuGokei":0,"zenkaiShiyoRyokin":0,"miseisanCancelRyokinGokei":0,"createdAt":"Jul 4, 2018 1:13:38 PM","createdBy":"1-tnt","updatedAt":"Jul 4, 2018 4:10:55 PM","updatedBy":"1-tnt","version":4}},"setsubiShinseiDtos":[{"setsubiKomas":[{"primaryKey":{"id":38229,"setsubiBunruiCode":1,"setsubiCode":1,"komaCode":1},"startTime":900,"endTime":1000,"suryo":2,"createdAt":"Jul 4, 2018 1:41:30 PM","createdBy":"1-tnt","updatedAt":"Jul 4, 2018 1:41:30 PM","updatedBy":"1-tnt","version":1}],"setsubiBunruiName":"講演設備","setsubiName":"プロジェクター","tani":"台","isRyokinTenyuryoku":false,"isEnabledChusen":true,"isSetSetsubi":false,"isDisplayedWeb":true,"primaryKey":{"id":38229,"setsubiBunruiCode":1,"setsubiCode":1},"setsubiKoshinKaisu":0,"kihonRyokin":500,"kuriageRyokin":0,"enchoRyokin":0,"uketsukeDate":"Jul 4, 2018 12:00:00 AM","uketsukeBashoCode":901,"createdAt":"Jul 4, 2018 1:41:30 PM","createdBy":"1-tnt","updatedAt":"Jul 4, 2018 1:41:30 PM","updatedBy":"1-tnt","version":1},{"setsubiKomas":[{"primaryKey":{"id":38229,"setsubiBunruiCode":1,"setsubiCode":2,"komaCode":1},"startTime":900,"endTime":1000,"suryo":2,"createdAt":"Jul 4, 2018 1:41:30 PM","createdBy":"1-tnt","updatedAt":"Jul 4, 2018 1:41:30 PM","updatedBy":"1-tnt","version":1}],"setsubiBunruiName":"講演設備","setsubiName":"スクリーン","tani":"台","isRyokinTenyuryoku":false,"isEnabledChusen":true,"isSetSetsubi":false,"isDisplayedWeb":true,"primaryKey":{"id":38229,"setsubiBunruiCode":1,"setsubiCode":2},"setsubiKoshinKaisu":0,"kihonRyokin":500,"kuriageRyokin":0,"enchoRyokin":0,"uketsukeDate":"Jul 4, 2018 12:00:00 AM","uketsukeBashoCode":901,"createdAt":"Jul 4, 2018 1:41:30 PM","createdBy":"1-tnt","updatedAt":"Jul 4, 2018 1:41:30 PM","updatedBy":"1-tnt","version":1}],"id":38229,"kanriCode":10,"shinseiNumber":773,"meisaiNumber":2,"meisaiKoshinKaisu":4,"meisaiJotai":"1","bashoCode":10,"shisetsuCode":10,"kashidashiTaniCode":0,"shiyoDate":"Jul 6, 2018 12:00:00 AM","yobiPattern":"0","startKoma":1,"endKoma":1,"startTime":900,"endTime":1000,"ryokinTaikeiCode":1,"shiyoMokutekiCode":1010,"shiyoNinzu":1,"uketsukeDate":"Jul 5, 2018 1:29:12 PM","uketsukeBashoCode":901,"isUsed":false,"createdAt":"Jul 4, 2018 1:13:38 PM","createdBy":"1-tnt","updatedAt":"Jul 4, 2018 4:10:55 PM","updatedBy":"1-tnt","version":4}]}}
