[{"primaryKey":{"kanriCode":10,"shisetsuCode":10,"kashidashiTaniCode":0},"kashidashiTaniName":"１","kashidashiTaniChohyoName":"第１＋第２","createdAt":"Oct 31, 2017 9:42:00 AM","createdBy":"8000","updatedAt":"Oct 31, 2017 9:42:00 AM","updatedBy":"8000","version":0},{"primaryKey":{"kanriCode":10,"shisetsuCode":10,"kashidashiTaniCode":1},"kashidashiTaniName":"２","kashidashiTaniChohyoName":"第１","createdAt":"Oct 31, 2017 9:42:00 AM","createdBy":"8000","updatedAt":"Oct 31, 2017 9:42:00 AM","updatedBy":"8000","version":0},{"primaryKey":{"kanriCode":10,"shisetsuCode":10,"kashidashiTaniCode":2},"kashidashiTaniName":"３","kashidashiTaniChohyoName":"第２","createdAt":"Oct 31, 2017 9:42:00 AM","createdBy":"8000","updatedAt":"Oct 31, 2017 9:42:00 AM","updatedBy":"8000","version":0},{"primaryKey":{"kanriCode":10,"shisetsuCode":20,"kashidashiTaniCode":0},"kashidashiTaniName":"１＋３","kashidashiTaniChohyoName":"第１＋第３","createdAt":"Oct 31, 2017 9:42:00 AM","createdBy":"8000","updatedAt":"Oct 31, 2017 9:42:00 AM","updatedBy":"8000","version":0},{"primaryKey":{"kanriCode":10,"shisetsuCode":20,"kashidashiTaniCode":1},"kashidashiTaniName":"１","kashidashiTaniChohyoName":"第１","createdAt":"Oct 31, 2017 9:42:00 AM","createdBy":"8000","updatedAt":"Oct 31, 2017 9:42:00 AM","updatedBy":"8000","version":0},{"primaryKey":{"kanriCode":10,"shisetsuCode":20,"kashidashiTaniCode":2},"kashidashiTaniName":"２","kashidashiTaniChohyoName":"第２","createdAt":"Oct 31, 2017 9:42:00 AM","createdBy":"8000","updatedAt":"Oct 31, 2017 9:42:00 AM","updatedBy":"8000","version":0},{"primaryKey":{"kanriCode":10,"shisetsuCode":20,"kashidashiTaniCode":3},"kashidashiTaniName":"３","kashidashiTaniChohyoName":"第３","createdAt":"Oct 31, 2017 9:42:00 AM","createdBy":"8000","updatedAt":"Oct 31, 2017 9:42:00 AM","updatedBy":"8000","version":0},{"primaryKey":{"kanriCode":10,"shisetsuCode":30,"kashidashiTaniCode":0},"kashidashiTaniName":"大＋小","kashidashiTaniChohyoName":"大＋小","createdAt":"Oct 31, 2017 9:42:00 AM","createdBy":"8000","updatedAt":"Oct 31, 2017 9:42:00 AM","updatedBy":"8000","version":0},{"primaryKey":{"kanriCode":10,"shisetsuCode":30,"kashidashiTaniCode":1},"kashidashiTaniName":"大","kashidashiTaniChohyoName":"大","createdAt":"Oct 31, 2017 9:42:00 AM","createdBy":"8000","updatedAt":"Oct 31, 2017 9:42:00 AM","updatedBy":"8000","version":0},{"primaryKey":{"kanriCode":10,"shisetsuCode":30,"kashidashiTaniCode":2},"kashidashiTaniName":"中","kashidashiTaniChohyoName":"中","createdAt":"Oct 31, 2017 9:42:00 AM","createdBy":"8000","updatedAt":"Oct 31, 2017 9:42:00 AM","updatedBy":"8000","version":0},{"primaryKey":{"kanriCode":10,"shisetsuCode":30,"kashidashiTaniCode":3},"kashidashiTaniName":"中","kashidashiTaniChohyoName":"中","createdAt":"Oct 31, 2017 9:42:00 AM","createdBy":"8000","updatedAt":"Oct 31, 2017 9:42:00 AM","updatedBy":"8000","version":0},{"primaryKey":{"kanriCode":10,"shisetsuCode":40,"kashidashiTaniCode":0},"kashidashiTaniName":"中","kashidashiTaniChohyoName":"中","createdAt":"Oct 31, 2017 9:42:00 AM","createdBy":"8000","updatedAt":"Oct 31, 2017 9:42:00 AM","updatedBy":"8000","version":0},{"primaryKey":{"kanriCode":10,"shisetsuCode":50,"kashidashiTaniCode":0},"kashidashiTaniName":"中","kashidashiTaniChohyoName":"中","createdAt":"Oct 31, 2017 9:42:00 AM","createdBy":"8000","updatedAt":"Oct 31, 2017 9:42:00 AM","updatedBy":"8000","version":0},{"primaryKey":{"kanriCode":10,"shisetsuCode":60,"kashidashiTaniCode":0},"kashidashiTaniName":"中","kashidashiTaniChohyoName":"中","createdAt":"Oct 31, 2017 9:42:00 AM","createdBy":"8000","updatedAt":"Oct 31, 2017 9:42:00 AM","updatedBy":"8000","version":1},{"primaryKey":{"kanriCode":10,"shisetsuCode":70,"kashidashiTaniCode":0},"kashidashiTaniName":"中","kashidashiTaniChohyoName":"中","createdAt":"Oct 31, 2017 9:42:00 AM","createdBy":"8000","updatedAt":"Oct 31, 2017 9:42:00 AM","updatedBy":"8000","version":0},{"primaryKey":{"kanriCode":10,"shisetsuCode":80,"kashidashiTaniCode":0},"kashidashiTaniName":"中","kashidashiTaniChohyoName":"中","createdAt":"Oct 31, 2017 9:42:00 AM","createdBy":"8000","updatedAt":"Oct 31, 2017 9:42:00 AM","updatedBy":"8000","version":0},{"primaryKey":{"kanriCode":10,"shisetsuCode":90,"kashidashiTaniCode":0},"kashidashiTaniName":"中","kashidashiTaniChohyoName":"中","createdAt":"Oct 31, 2017 9:42:00 AM","createdBy":"8000","updatedAt":"Oct 31, 2017 9:42:00 AM","updatedBy":"8000","version":0}]
