[{"bashoCode":10,"bashoName":"生涯学習セ","bashoChohyoName":"生涯学習センター","isExistingUketsuke":true,"url":"1","createdAt":"Oct 31, 2017 9:42:00 AM","createdBy":"8000","updatedAt":"Oct 31, 2017 9:42:00 AM","updatedBy":"8000","version":0},{"bashoCode":30,"bashoName":"青少年館","bashoChohyoName":"青少年館","isExistingUketsuke":true,"url":"1","createdAt":"Oct 31, 2017 9:42:00 AM","createdBy":"8000","updatedAt":"Oct 31, 2017 9:42:00 AM","updatedBy":"8000","version":0},{"bashoCode":60,"bashoName":"北市民セン","bashoChohyoName":"北市民センター","isExistingUketsuke":true,"url":"1","createdAt":"Oct 31, 2017 9:42:00 AM","createdBy":"8000","updatedAt":"Oct 31, 2017 9:42:00 AM","updatedBy":"8000","version":0},{"bashoCode":90,"bashoName":"南市民セン","bashoChohyoName":"南市民センター","isExistingUketsuke":true,"url":"1","createdAt":"Oct 31, 2017 9:42:00 AM","createdBy":"8000","updatedAt":"Oct 31, 2017 9:42:00 AM","updatedBy":"8000","version":0},{"bashoCode":120,"bashoName":"勤労福祉","bashoChohyoName":"勤労福祉会館","isExistingUketsuke":true,"url":"1","createdAt":"Oct 31, 2017 9:42:00 AM","createdBy":"8000","updatedAt":"Oct 31, 2017 9:42:00 AM","updatedBy":"8000","version":0},{"bashoCode":130,"bashoName":"市民交流","bashoChohyoName":"市民交流センター","isExistingUketsuke":true,"url":"1","createdAt":"Oct 31, 2017 9:42:00 AM","createdBy":"8000","updatedAt":"Oct 31, 2017 9:42:00 AM","updatedBy":"8000","version":0},{"bashoCode":150,"bashoName":"文化交流ひ","bashoChohyoName":"文化交流ひろば","isExistingUketsuke":true,"url":"1","createdAt":"Oct 31, 2017 9:42:00 AM","createdBy":"8000","updatedAt":"Oct 31, 2017 9:42:00 AM","updatedBy":"8000","version":0},{"bashoCode":170,"bashoName":"小学校跡","bashoChohyoName":"小学校跡施設","isExistingUketsuke":true,"url":"1","createdAt":"Oct 31, 2017 9:42:00 AM","createdBy":"8000","updatedAt":"Oct 31, 2017 9:42:00 AM","updatedBy":"8000","version":0},{"bashoCode":180,"bashoName":"学校教育支援センター","bashoChohyoName":"学校教育支援センター","isExistingUketsuke":true,"url":"1","createdAt":"Oct 31, 2017 9:42:00 AM","createdBy":"8000","updatedAt":"Oct 31, 2017 9:42:00 AM","updatedBy":"8000","version":0},{"bashoCode":220,"bashoName":"厚生文化会","bashoChohyoName":"厚生文化会館","isExistingUketsuke":true,"url":"1","createdAt":"Oct 31, 2017 9:42:00 AM","createdBy":"8000","updatedAt":"Oct 31, 2017 9:42:00 AM","updatedBy":"8000","version":0},{"bashoCode":230,"bashoName":"文化センタ","bashoChohyoName":"文化センター","isExistingUketsuke":true,"url":"1","createdAt":"Oct 31, 2017 9:42:00 AM","createdBy":"8000","updatedAt":"Oct 31, 2017 9:42:00 AM","updatedBy":"8000","version":0},{"bashoCode":700,"bashoName":"第一庭球場","bashoChohyoName":"第一庭球場","isExistingUketsuke":true,"url":"1","createdAt":"Oct 31, 2017 9:42:00 AM","createdBy":"8000","updatedAt":"Oct 31, 2017 9:42:00 AM","updatedBy":"8000","version":0},{"bashoCode":720,"bashoName":"第二庭球場","bashoChohyoName":"第二庭球場","isExistingUketsuke":true,"url":"1","createdAt":"Oct 31, 2017 9:42:00 AM","createdBy":"8000","updatedAt":"Oct 31, 2017 9:42:00 AM","updatedBy":"8000","version":0},{"bashoCode":730,"bashoName":"第三庭球場","bashoChohyoName":"第三庭球場","isExistingUketsuke":true,"url":"2","createdAt":"Oct 31, 2017 9:42:00 AM","createdBy":"8000","updatedAt":"Oct 31, 2017 9:42:00 AM","updatedBy":"8000","version":0},{"bashoCode":750,"bashoName":"第一野球場","bashoChohyoName":"第一野球場","isExistingUketsuke":true,"url":"2","createdAt":"Oct 31, 2017 9:42:00 AM","createdBy":"8000","updatedAt":"Oct 31, 2017 9:42:00 AM","updatedBy":"8000","version":0},{"bashoCode":760,"bashoName":"第二野球場","bashoChohyoName":"第二野球場","isExistingUketsuke":true,"url":"2","createdAt":"Oct 31, 2017 9:42:00 AM","createdBy":"8000","updatedAt":"Oct 31, 2017 9:42:00 AM","updatedBy":"8000","version":0},{"bashoCode":790,"bashoName":"総合運動場","bashoChohyoName":"総合運動場","isExistingUketsuke":true,"url":"2","createdAt":"Oct 31, 2017 9:42:00 AM","createdBy":"8000","updatedAt":"Oct 31, 2017 9:42:00 AM","updatedBy":"8000","version":0},{"bashoCode":810,"bashoName":"総合体育館","bashoChohyoName":"総合体育館","isExistingUketsuke":true,"url":"2","createdAt":"Oct 31, 2017 9:42:00 AM","createdBy":"8000","updatedAt":"Oct 31, 2017 9:42:00 AM","updatedBy":"8000","version":0},{"bashoCode":840,"bashoName":"西公園温水","bashoChohyoName":"西公園温水プール","isExistingUketsuke":true,"url":"2","createdAt":"Oct 31, 2017 9:42:00 AM","createdBy":"8000","updatedAt":"Oct 31, 2017 9:42:00 AM","updatedBy":"8000","version":0},{"bashoCode":860,"bashoName":"中央体育館","bashoChohyoName":"中央公園体育館","isExistingUketsuke":true,"url":"2","createdAt":"Oct 31, 2017 9:42:00 AM","createdBy":"8000","updatedAt":"Oct 31, 2017 9:42:00 AM","updatedBy":"8000","version":0},{"bashoCode":880,"bashoName":"スポ交流セ","bashoChohyoName":"スポーツ交流センター","isExistingUketsuke":true,"url":"2","createdAt":"Oct 31, 2017 9:42:00 AM","createdBy":"8000","updatedAt":"Oct 31, 2017 9:42:00 AM","updatedBy":"8000","version":0},{"bashoCode":901,"bashoName":"ＷＥＢ","bashoChohyoName":"インターネット","isExistingUketsuke":true,"url":"2","createdAt":"Oct 31, 2017 9:42:00 AM","createdBy":"8000","updatedAt":"Oct 31, 2017 9:42:00 AM","updatedBy":"8000","version":0}]
