[{"primaryKey":{"kanriCode":10,"shisetsuCode":10,"riyoshaGroupCode":1},"isNeededShinsa":true,"startKeisu":0,"startTani":"0","startKirikaeDate":12,"endKeisu":2,"endTani":"2","endKirikaeDate":12,"endKirikaeTime":2212,"createdAt":"Oct 31, 2017 9:42:00 AM","createdBy":"8000","updatedAt":"Oct 31, 2017 9:42:00 AM","updatedBy":"8000","version":0},{"primaryKey":{"kanriCode":10,"shisetsuCode":10,"riyoshaGroupCode":2},"isNeededShinsa":true,"startKeisu":0,"startTani":"0","startKirikaeDate":12,"endKeisu":2,"endTani":"2","endKirikaeDate":12,"endKirikaeTime":2212,"createdAt":"Oct 31, 2017 9:42:00 AM","createdBy":"8000","updatedAt":"Oct 31, 2017 9:42:00 AM","updatedBy":"8000","version":0},{"primaryKey":{"kanriCode":10,"shisetsuCode":10,"riyoshaGroupCode":3},"isNeededShinsa":true,"startKeisu":0,"startTani":"0","startKirikaeDate":12,"endKeisu":2,"endTani":"2","endKirikaeDate":12,"endKirikaeTime":2212,"createdAt":"Oct 31, 2017 9:42:00 AM","createdBy":"8000","updatedAt":"Oct 31, 2017 9:42:00 AM","updatedBy":"8000","version":0},{"primaryKey":{"kanriCode":10,"shisetsuCode":10,"riyoshaGroupCode":4},"isNeededShinsa":true,"startKeisu":0,"startTani":"0","startKirikaeDate":12,"endKeisu":2,"endTani":"2","endKirikaeDate":12,"endKirikaeTime":2212,"createdAt":"Oct 31, 2017 9:42:00 AM","createdBy":"8000","updatedAt":"Oct 31, 2017 9:42:00 AM","updatedBy":"8000","version":0},{"primaryKey":{"kanriCode":10,"shisetsuCode":10,"riyoshaGroupCode":5},"isNeededShinsa":true,"startKeisu":0,"startTani":"0","startKirikaeDate":12,"endKeisu":2,"endTani":"2","endKirikaeDate":12,"endKirikaeTime":2212,"createdAt":"Oct 31, 2017 9:42:00 AM","createdBy":"8000","updatedAt":"Oct 31, 2017 9:42:00 AM","updatedBy":"8000","version":0},{"primaryKey":{"kanriCode":10,"shisetsuCode":10,"riyoshaGroupCode":6},"isNeededShinsa":true,"startKeisu":0,"startTani":"0","startKirikaeDate":12,"endKeisu":2,"endTani":"2","endKirikaeDate":12,"endKirikaeTime":2212,"createdAt":"Oct 31, 2017 9:42:00 AM","createdBy":"8000","updatedAt":"Oct 31, 2017 9:42:00 AM","updatedBy":"8000","version":0},{"primaryKey":{"kanriCode":10,"shisetsuCode":10,"riyoshaGroupCode":7},"isNeededShinsa":true,"startKeisu":0,"startTani":"0","startKirikaeDate":12,"endKeisu":2,"endTani":"2","endKirikaeDate":12,"endKirikaeTime":2212,"createdAt":"Oct 31, 2017 9:42:00 AM","createdBy":"8000","updatedAt":"Oct 31, 2017 9:42:00 AM","updatedBy":"8000","version":0},{"primaryKey":{"kanriCode":10,"shisetsuCode":10,"riyoshaGroupCode":8},"isNeededShinsa":true,"startKeisu":0,"startTani":"0","startKirikaeDate":12,"endKeisu":2,"endTani":"2","endKirikaeDate":12,"endKirikaeTime":2212,"createdAt":"Oct 31, 2017 9:42:00 AM","createdBy":"8000","updatedAt":"Oct 31, 2017 9:42:00 AM","updatedBy":"8000","version":0}]
