[{"kyukanbiOrgList":[{"year":2018,"month":7,"day":8},{"year":2018,"month":7,"day":16},{"year":2018,"month":7,"day":17}],"kyukanCalendarList":[{"kyukanCalList":[{"rowIdx":0,"colIdx":0,"dayNum":1,"date":{"year":2018,"month":7,"day":1},"isOtherMonth":false,"isYoyakuUmu":false,"isKyukan":false},{"rowIdx":0,"colIdx":1,"dayNum":2,"date":{"year":2018,"month":7,"day":2},"isOtherMonth":false,"isYoyakuUmu":false,"isKyukan":false},{"rowIdx":0,"colIdx":2,"dayNum":3,"date":{"year":2018,"month":7,"day":3},"isOtherMonth":false,"isYoyakuUmu":false,"isKyukan":false},{"rowIdx":0,"colIdx":3,"dayNum":4,"date":{"year":2018,"month":7,"day":4},"isOtherMonth":false,"isYoyakuUmu":false,"isKyukan":false},{"rowIdx":0,"colIdx":4,"dayNum":5,"date":{"year":2018,"month":7,"day":5},"isOtherMonth":false,"isYoyakuUmu":false,"isKyukan":false},{"rowIdx":0,"colIdx":5,"dayNum":6,"date":{"year":2018,"month":7,"day":6},"isOtherMonth":false,"isYoyakuUmu":false,"isKyukan":false},{"rowIdx":0,"colIdx":6,"dayNum":7,"date":{"year":2018,"month":7,"day":7},"isOtherMonth":false,"isYoyakuUmu":false,"isKyukan":false}]},{"kyukanCalList":[{"rowIdx":1,"colIdx":0,"dayNum":8,"date":{"year":2018,"month":7,"day":8},"isOtherMonth":false,"isYoyakuUmu":false,"isKyukan":true},{"rowIdx":1,"colIdx":1,"dayNum":9,"date":{"year":2018,"month":7,"day":9},"isOtherMonth":false,"isYoyakuUmu":false,"isKyukan":false},{"rowIdx":1,"colIdx":2,"dayNum":10,"date":{"year":2018,"month":7,"day":10},"isOtherMonth":false,"isYoyakuUmu":false,"isKyukan":false},{"rowIdx":1,"colIdx":3,"dayNum":11,"date":{"year":2018,"month":7,"day":11},"isOtherMonth":false,"isYoyakuUmu":false,"isKyukan":false},{"rowIdx":1,"colIdx":4,"dayNum":12,"date":{"year":2018,"month":7,"day":12},"isOtherMonth":false,"isYoyakuUmu":false,"isKyukan":false},{"rowIdx":1,"colIdx":5,"dayNum":13,"date":{"year":2018,"month":7,"day":13},"isOtherMonth":false,"isYoyakuUmu":false,"isKyukan":false},{"rowIdx":1,"colIdx":6,"dayNum":14,"date":{"year":2018,"month":7,"day":14},"isOtherMonth":false,"isYoyakuUmu":false,"isKyukan":false}]},{"kyukanCalList":[{"rowIdx":2,"colIdx":0,"dayNum":15,"date":{"year":2018,"month":7,"day":15},"isOtherMonth":false,"isYoyakuUmu":false,"isKyukan":false},{"rowIdx":2,"colIdx":1,"dayNum":16,"date":{"year":2018,"month":7,"day":16},"isOtherMonth":false,"isYoyakuUmu":false,"isKyukan":true},{"rowIdx":2,"colIdx":2,"dayNum":17,"date":{"year":2018,"month":7,"day":17},"isOtherMonth":false,"isYoyakuUmu":false,"isKyukan":true},{"rowIdx":2,"colIdx":3,"dayNum":18,"date":{"year":2018,"month":7,"day":18},"isOtherMonth":false,"isYoyakuUmu":false,"isKyukan":false},{"rowIdx":2,"colIdx":4,"dayNum":19,"date":{"year":2018,"month":7,"day":19},"isOtherMonth":false,"isYoyakuUmu":false,"isKyukan":false},{"rowIdx":2,"colIdx":5,"dayNum":20,"date":{"year":2018,"month":7,"day":20},"isOtherMonth":false,"isYoyakuUmu":false,"isKyukan":false},{"rowIdx":2,"colIdx":6,"dayNum":21,"date":{"year":2018,"month":7,"day":21},"isOtherMonth":false,"isYoyakuUmu":false,"isKyukan":false}]},{"kyukanCalList":[{"rowIdx":3,"colIdx":0,"dayNum":22,"date":{"year":2018,"month":7,"day":22},"isOtherMonth":false,"isYoyakuUmu":false,"isKyukan":false},{"rowIdx":3,"colIdx":1,"dayNum":23,"date":{"year":2018,"month":7,"day":23},"isOtherMonth":false,"isYoyakuUmu":false,"isKyukan":false},{"rowIdx":3,"colIdx":2,"dayNum":24,"date":{"year":2018,"month":7,"day":24},"isOtherMonth":false,"isYoyakuUmu":false,"isKyukan":false},{"rowIdx":3,"colIdx":3,"dayNum":25,"date":{"year":2018,"month":7,"day":25},"isOtherMonth":false,"isYoyakuUmu":false,"isKyukan":false},{"rowIdx":3,"colIdx":4,"dayNum":26,"date":{"year":2018,"month":7,"day":26},"isOtherMonth":false,"isYoyakuUmu":false,"isKyukan":false},{"rowIdx":3,"colIdx":5,"dayNum":27,"date":{"year":2018,"month":7,"day":27},"isOtherMonth":false,"isYoyakuUmu":false,"isKyukan":false},{"rowIdx":3,"colIdx":6,"dayNum":28,"date":{"year":2018,"month":7,"day":28},"isOtherMonth":false,"isYoyakuUmu":false,"isKyukan":false}]},{"kyukanCalList":[{"rowIdx":4,"colIdx":0,"dayNum":29,"date":{"year":2018,"month":7,"day":29},"isOtherMonth":false,"isYoyakuUmu":false,"isKyukan":false},{"rowIdx":4,"colIdx":1,"dayNum":30,"date":{"year":2018,"month":7,"day":30},"isOtherMonth":false,"isYoyakuUmu":false,"isKyukan":false},{"rowIdx":4,"colIdx":2,"dayNum":31,"date":{"year":2018,"month":7,"day":31},"isOtherMonth":false,"isYoyakuUmu":false,"isKyukan":false},{"rowIdx":4,"colIdx":3,"dayNum":1,"date":{"year":2018,"month":8,"day":1},"isOtherMonth":true,"isYoyakuUmu":false,"isKyukan":false},{"rowIdx":4,"colIdx":4,"dayNum":2,"date":{"year":2018,"month":8,"day":2},"isOtherMonth":true,"isYoyakuUmu":false,"isKyukan":false},{"rowIdx":4,"colIdx":5,"dayNum":3,"date":{"year":2018,"month":8,"day":3},"isOtherMonth":true,"isYoyakuUmu":false,"isKyukan":false},{"rowIdx":4,"colIdx":6,"dayNum":4,"date":{"year":2018,"month":8,"day":4},"isOtherMonth":true,"isYoyakuUmu":false,"isKyukan":false}]}]}]
