[{"primaryKey":{"kanriCode":10,"shinsaRiyuCode":1},"shinsaRiyuName":"審査理由１","riyu":"1","createdAt":"Dec 8, 2017 3:17:39 PM","createdBy":"test","updatedAt":"Dec 8, 2017 3:17:44 PM","updatedBy":"test","version":0},{"primaryKey":{"kanriCode":10,"shinsaRiyuCode":2},"shinsaRiyuName":"審査理由２","riyu":"1","createdAt":"Dec 8, 2017 3:17:39 PM","createdBy":"test","updatedAt":"Dec 8, 2017 3:17:44 PM","updatedBy":"test","version":0},{"primaryKey":{"kanriCode":10,"shinsaRiyuCode":3},"shinsaRiyuName":"審査理由３","riyu":"1","createdAt":"Dec 8, 2017 3:17:39 PM","createdBy":"test","updatedAt":"Dec 8, 2017 3:17:44 PM","updatedBy":"test","version":0},{"primaryKey":{"kanriCode":10,"shinsaRiyuCode":4},"shinsaRiyuName":"審査理由４","riyu":"1","createdAt":"Dec 8, 2017 3:17:39 PM","createdBy":"test","updatedAt":"Dec 8, 2017 3:17:44 PM","updatedBy":"test","version":0},{"primaryKey":{"kanriCode":10,"shinsaRiyuCode":5},"shinsaRiyuName":"審査理由５","riyu":"1","createdAt":"Dec 8, 2017 3:17:39 PM","createdBy":"test","updatedAt":"Dec 8, 2017 3:17:44 PM","updatedBy":"test","version":0},{"primaryKey":{"kanriCode":10,"shinsaRiyuCode":6},"shinsaRiyuName":"審査理由６","riyu":"1","createdAt":"Dec 8, 2017 3:17:39 PM","createdBy":"test","updatedAt":"Dec 8, 2017 3:17:44 PM","updatedBy":"test","version":0},{"primaryKey":{"kanriCode":10,"shinsaRiyuCode":7},"shinsaRiyuName":"審査理由７","riyu":"1","createdAt":"Dec 8, 2017 3:17:39 PM","createdBy":"test","updatedAt":"Dec 8, 2017 3:17:44 PM","updatedBy":"test","version":0},{"primaryKey":{"kanriCode":10,"shinsaRiyuCode":8},"shinsaRiyuName":"審査理由８","riyu":"1","createdAt":"Dec 8, 2017 3:17:39 PM","createdBy":"test","updatedAt":"Dec 8, 2017 3:17:44 PM","updatedBy":"test","version":0},{"primaryKey":{"kanriCode":10,"shinsaRiyuCode":9},"shinsaRiyuName":"審査理由９","riyu":"1","createdAt":"Dec 8, 2017 3:17:39 PM","createdBy":"test","updatedAt":"Dec 8, 2017 3:17:44 PM","updatedBy":"test","version":0},{"primaryKey":{"kanriCode":10,"shinsaRiyuCode":10},"shinsaRiyuName":"審査理由１０","riyu":"1","createdAt":"Dec 8, 2017 3:17:39 PM","createdBy":"test","updatedAt":"Dec 8, 2017 3:17:44 PM","updatedBy":"test","version":0}]
