{"password":"123456789","selectedTorokuKubun":"KOJIN","selectedGinkoCode":{"code":"1","name":"銀行名１"},"selectedShitenCode":{"code":"1","name":"支店名１"},"selectedKozaShubetsu":"FUTSU","selectedRiyoshaGroupCode":{"code":"1","name":"利用者グループ名１"},"selectedSoshinTiming":[{"code":"0","name":"予約完了"},{"code":"1","name":"予約取消"},{"code":"2","name":"予約変更"},{"code":"3","name":"抽選完了"},{"code":"4","name":"抽選取消"},{"code":"5","name":"抽選実行"},{"code":"6","name":"当選完了"},{"code":"7","name":"当選辞退"}],"selectedShinseiGroupCode":[],"userName":"tuan","maxKoseiinCode":0,"koseiinJohoDto":[],"riyoKanoShinseiGroupDto":[],"kanribetsuRiyoshaJohoDto":[],"ryokinSetteiDto":[],"riyoshaUketoriMailDto":[],"loginId":"sicvn","yukokikanStartDate":"Jul 4, 2018 12:00:00 AM","yukokikanEndDate":"Jul 4, 2030 12:00:00 AM","userNameKana":"tuan","birthDay":"Jun 24, 2018 12:00:00 AM","denwaBango1":"1243152362","denwaBango2":"1352475367","yubinBango":"1234245","jusho1":"agasgasg","jusho2":"rkfgagasfas","mailAddress":"abc@gmail.com","kozaNumber":12542363,"kozaMeigininKanaName":"12353452345","kozaMeigininName":"asdfawefatgasf"}
