[{"primaryKey":{"kanriCode":10,"shinseiNumber":462,"shukeiCode":1},"shukeiKomokuCode":2,"createdAt":"Apr 26, 2018 11:21:28 AM","createdBy":"0-hirata","updatedAt":"Apr 26, 2018 7:23:06 PM","updatedBy":"0-hirata","version":3},{"primaryKey":{"kanriCode":10,"shinseiNumber":462,"shukeiCode":2},"shukeiKomokuCode":1,"createdAt":"Apr 26, 2018 11:21:28 AM","createdBy":"0-hirata","updatedAt":"Apr 26, 2018 7:23:06 PM","updatedBy":"0-hirata","version":3},{"primaryKey":{"kanriCode":10,"shinseiNumber":462,"shukeiCode":3},"shukeiKomokuCode":2,"createdAt":"Apr 26, 2018 11:21:28 AM","createdBy":"0-hirata","updatedAt":"Apr 26, 2018 7:23:06 PM","updatedBy":"0-hirata","version":3}]
