[{"buttonName":"ボタン１","tanka":111,"primaryKey":{"kanriCode":10,"kembaikiCode":1,"buttonCode":1,"shunoDate":"Apr 2, 2018 12:00:00 AM"},"genkinShunoKensu":0,"genkinShunogaku":0,"puripeidoShunoKensu":0,"puripeidoShunogaku":0,"heiyoShunoKensu":0,"heiyoGenkinShunogaku":0,"heiyoPuripeidoShunogaku":0,"seisanKensu":0,"seisangaku":0,"createdAt":"Mar 14, 2018 10:06:01 AM","createdBy":"test","updatedAt":"Mar 14, 2018 10:06:09 AM","updatedBy":"test","version":1},{"buttonName":"ボタン２","tanka":112,"primaryKey":{"kanriCode":10,"kembaikiCode":1,"buttonCode":2,"shunoDate":"Apr 2, 2018 12:00:00 AM"},"genkinShunoKensu":0,"genkinShunogaku":0,"puripeidoShunoKensu":0,"puripeidoShunogaku":0,"heiyoShunoKensu":0,"heiyoGenkinShunogaku":0,"heiyoPuripeidoShunogaku":0,"seisanKensu":0,"seisangaku":0,"createdAt":"Mar 16, 2018 5:22:08 PM","createdBy":"9000","updatedAt":"Mar 16, 2018 5:22:08 PM","updatedBy":"9000","version":1},{"buttonName":"ボタン１","tanka":121,"primaryKey":{"kanriCode":10,"kembaikiCode":2,"buttonCode":1,"shunoDate":"Apr 2, 2018 12:00:00 AM"},"genkinShunoKensu":0,"genkinShunogaku":0,"puripeidoShunoKensu":0,"puripeidoShunogaku":0,"heiyoShunoKensu":0,"heiyoGenkinShunogaku":0,"heiyoPuripeidoShunogaku":0,"seisanKensu":0,"seisangaku":0,"createdAt":"Mar 16, 2018 5:22:08 PM","createdBy":"9000","updatedAt":"Mar 16, 2018 5:22:08 PM","updatedBy":"9000","version":1},{"buttonName":"ボタン２","tanka":122,"primaryKey":{"kanriCode":10,"kembaikiCode":2,"buttonCode":2,"shunoDate":"Apr 2, 2018 12:00:00 AM"},"genkinShunoKensu":11,"genkinShunogaku":1,"puripeidoShunoKensu":1,"puripeidoShunogaku":122,"heiyoShunoKensu":2,"heiyoGenkinShunogaku":22,"heiyoPuripeidoShunogaku":2,"seisanKensu":2,"seisangaku":2,"createdAt":"Mar 16, 2018 5:22:08 PM","createdBy":"9000","updatedAt":"Mar 16, 2018 5:22:08 PM","updatedBy":"9000","version":1},{"buttonName":"ボタン３","tanka":123,"primaryKey":{"kanriCode":10,"kembaikiCode":2,"buttonCode":3,"shunoDate":"Apr 2, 2018 12:00:00 AM"},"genkinShunoKensu":0,"genkinShunogaku":0,"puripeidoShunoKensu":0,"puripeidoShunogaku":0,"heiyoShunoKensu":0,"heiyoGenkinShunogaku":0,"heiyoPuripeidoShunogaku":0,"seisanKensu":0,"seisangaku":0,"createdAt":"Mar 16, 2018 5:22:08 PM","createdBy":"9000","updatedAt":"Mar 16, 2018 5:22:08 PM","updatedBy":"9000","version":1},{"buttonName":"ボタン１","tanka":131,"primaryKey":{"kanriCode":10,"kembaikiCode":3,"buttonCode":1,"shunoDate":"Apr 2, 2018 12:00:00 AM"},"genkinShunoKensu":0,"genkinShunogaku":0,"puripeidoShunoKensu":0,"puripeidoShunogaku":0,"heiyoShunoKensu":0,"heiyoGenkinShunogaku":0,"heiyoPuripeidoShunogaku":0,"seisanKensu":0,"seisangaku":0,"createdAt":"Mar 16, 2018 5:22:08 PM","createdBy":"9000","updatedAt":"Mar 16, 2018 5:22:08 PM","updatedBy":"9000","version":1}]
