[{"allKanriList":[{"code":"10","name":"管理１０"},{"code":"14","name":"管理１４"},{"code":"20","name":"管理２０"},{"code":"22","name":"管理２２"},{"code":"24","name":"管理２４"},{"code":"26","name":"管理２６"},{"code":"28","name":"管理２８"},{"code":"30","name":"管理３０"},{"code":"32","name":"管理３２"},{"code":"34","name":"管理３４"},{"code":"38","name":"管理３８"},{"code":"40","name":"管理４０"},{"code":"42","name":"管理４２"},{"code":"44","name":"管理４４"},{"code":"50","name":"管理５０"},{"code":"52","name":"管理５２"},{"code":"54","name":"管理５４"},{"code":"60","name":"管理６０"},{"code":"70","name":"管理７０"},{"code":"91","name":"管理９１"},{"code":"92","name":"管理９２ＡＢＣＤＥＦ"}],"allShinseiGroupList":[],"selectedKanriList":[],"selectedShinseiGroupList":[]}]
