[[{"bunruiName":"連絡","kanriName":"","shinseiGroupName":"","userName":"","oshiraseId":28,"isDeleted":false,"hyojisakiShurui":"1","oshiraseTitle":"職員全体連絡Ⅱ","oshiraseHonbun":"職員全体への連絡です","hyojiStartDate":"May 1, 2018 12:00:00 AM","hyojiEndDate":"Nov 29, 2018 12:00:00 AM"},{"bunruiName":"運用","kanriName":"","shinseiGroupName":"","userName":"","oshiraseId":27,"isDeleted":false,"hyojisakiShurui":"1","oshiraseTitle":"test111","oshiraseHonbun":"test1111111","hyojiStartDate":"May 1, 2018 12:00:00 AM","hyojiEndDate":"May 9, 2018 12:00:00 AM"},{"bunruiName":"運用","kanriName":"","shinseiGroupName":"","userName":"","oshiraseId":26,"isDeleted":false,"hyojisakiShurui":"1","oshiraseTitle":"test","oshiraseHonbun":"test honbun","hyojiStartDate":"May 8, 2018 12:00:00 AM","hyojiEndDate":"May 12, 2018 12:00:00 AM"},{"bunruiName":"運用","kanriName":"","shinseiGroupName":"","userName":"","oshiraseId":17,"isDeleted":true,"hyojisakiShurui":"1","oshiraseTitle":"職員全体タイトル2-2","oshiraseHonbun":"任意分類「文化任意」のお知らせ\r\n2018年4月1日から2018年4月30日まで文化会館でイベントが行われます。\r\n表示終了日を延長しました。","hyojiStartDate":"Feb 1, 2018 12:00:00 AM","hyojiEndDate":"Mar 30, 2019 12:00:00 AM"},{"bunruiName":"運用","kanriName":"","shinseiGroupName":"","userName":"","oshiraseId":11,"isDeleted":false,"hyojisakiShurui":"1","oshiraseTitle":"職員全体へのお知らせタイトル","oshiraseHonbun":"職員全体へのお知らせ本文です。\r\n2018年度よりシステム運用時間が変更になります。","hyojiStartDate":"Feb 15, 2018 12:00:00 AM","hyojiEndDate":"Feb 15, 2019 12:00:00 AM"}]]
