[{"setsubiKomas":[{"primaryKey":{"id":38229,"setsubiBunruiCode":1,"setsubiCode":1,"komaCode":1},"startTime":900,"endTime":1000,"suryo":1,"createdAt":"Jul 4, 2018 1:41:30 PM","createdBy":"1-tnt","updatedAt":"Jul 4, 2018 1:41:30 PM","updatedBy":"1-tnt","version":1}],"setsubiBunruiName":"講演設備","setsubiName":"プロジェクター","tani":"台","isRyokinTenyuryoku":false,"isEnabledChusen":true,"isSetSetsubi":false,"isDisplayedWeb":true,"primaryKey":{"id":38229,"setsubiBunruiCode":1,"setsubiCode":1},"setsubiKoshinKaisu":0,"kihonRyokin":250,"kuriageRyokin":0,"enchoRyokin":0,"uketsukeDate":"Jul 4, 2018 12:00:00 AM","uketsukeBashoCode":901,"createdAt":"Jul 4, 2018 1:41:30 PM","createdBy":"1-tnt","updatedAt":"Jul 4, 2018 1:41:30 PM","updatedBy":"1-tnt","version":1},{"setsubiKomas":[{"primaryKey":{"id":38229,"setsubiBunruiCode":1,"setsubiCode":2,"komaCode":1},"startTime":900,"endTime":1000,"suryo":1,"createdAt":"Jul 4, 2018 1:41:30 PM","createdBy":"1-tnt","updatedAt":"Jul 4, 2018 1:41:30 PM","updatedBy":"1-tnt","version":1}],"setsubiBunruiName":"講演設備","setsubiName":"スクリーン","tani":"台","isRyokinTenyuryoku":false,"isEnabledChusen":true,"isSetSetsubi":false,"isDisplayedWeb":true,"primaryKey":{"id":38229,"setsubiBunruiCode":1,"setsubiCode":2},"setsubiKoshinKaisu":0,"kihonRyokin":250,"kuriageRyokin":0,"enchoRyokin":0,"uketsukeDate":"Jul 4, 2018 12:00:00 AM","uketsukeBashoCode":901,"createdAt":"Jul 4, 2018 1:41:30 PM","createdBy":"1-tnt","updatedAt":"Jul 4, 2018 1:41:30 PM","updatedBy":"1-tnt","version":1}]
