[{"setsubiBunruiName":"講演設備","useNum":"0","startKoma":1,"endKoma":1,"primaryKey":{"kanriCode":10,"bashoCode":10,"setsubiBunruiCode":1,"setsubiCode":1},"setsubiName":"プロジェクター","setsubiChohyoName":"\u003c帳票名\u003eプロジェクター","tani":"台","zaikosu":9,"isRyokinTenyuryoku":false,"isEnabledChusen":true,"isSetSetsubi":false,"isDisplayedWeb":true,"createdAt":"Apr 25, 2018 11:29:37 AM","createdBy":"0-3718","updatedAt":"Apr 25, 2018 11:29:37 AM","updatedBy":"0-3718","version":1},{"setsubiBunruiName":"講演設備","useNum":"0","startKoma":1,"endKoma":1,"primaryKey":{"kanriCode":10,"bashoCode":10,"setsubiBunruiCode":1,"setsubiCode":2},"setsubiName":"スクリーン","setsubiChohyoName":"\u003c帳票名\u003eスクリーン","tani":"台","zaikosu":9,"isRyokinTenyuryoku":false,"isEnabledChusen":true,"isSetSetsubi":false,"isDisplayedWeb":true,"createdAt":"Apr 25, 2018 11:29:37 AM","createdBy":"0-3718","updatedAt":"Apr 25, 2018 11:29:37 AM","updatedBy":"0-3718","version":1},{"setsubiBunruiName":"講演設備","useNum":"0","startKoma":1,"endKoma":1,"primaryKey":{"kanriCode":10,"bashoCode":10,"setsubiBunruiCode":1,"setsubiCode":3},"setsubiName":"ポインター","setsubiChohyoName":"\u003c帳票名\u003eポインター","tani":"個","zaikosu":5,"isRyokinTenyuryoku":false,"isEnabledChusen":true,"isSetSetsubi":false,"isDisplayedWeb":true,"createdAt":"Apr 25, 2018 11:29:37 AM","createdBy":"0-3718","updatedAt":"Apr 25, 2018 11:29:37 AM","updatedBy":"0-3718","version":1},{"setsubiBunruiName":"講演設備","useNum":"0","startKoma":1,"endKoma":1,"primaryKey":{"kanriCode":10,"bashoCode":10,"setsubiBunruiCode":1,"setsubiCode":4},"setsubiName":"マイク","setsubiChohyoName":"\u003c帳票名\u003eマイク","tani":"本","zaikosu":5,"isRyokinTenyuryoku":false,"isEnabledChusen":true,"isSetSetsubi":false,"isDisplayedWeb":true,"createdAt":"Apr 25, 2018 11:29:37 AM","createdBy":"0-3718","updatedAt":"Apr 25, 2018 11:29:37 AM","updatedBy":"0-3718","version":1},{"setsubiBunruiName":"講演設備","useNum":"0","startKoma":1,"endKoma":1,"primaryKey":{"kanriCode":10,"bashoCode":10,"setsubiBunruiCode":1,"setsubiCode":5},"setsubiName":"スピーカー","setsubiChohyoName":"\u003c帳票名\u003eスピーカー","tani":"台","zaikosu":5,"isRyokinTenyuryoku":false,"isEnabledChusen":true,"isSetSetsubi":false,"isDisplayedWeb":true,"createdAt":"Apr 25, 2018 11:29:37 AM","createdBy":"0-3718","updatedAt":"Apr 25, 2018 11:29:37 AM","updatedBy":"0-3718","version":1},{"setsubiBunruiName":"講演設備","useNum":"0","startKoma":1,"endKoma":1,"koseiList":[{"setSetsubiName":"講演セット","setZaikosu":2,"setTani":"セット","koseiSetsubiBunruiName":"講演設備","koseiSetsubiName":"プロジェクター","koseiZaikosu":10,"koseiTani":"台","primaryKey":{"kanriCode":10,"bashoCode":10,"setsubiBunruiCode":1,"setsubiCode":6,"koseiSetsubiBunruiCode":1,"koseiSetsubiCode":1},"suryo":1,"createdAt":"Apr 25, 2018 11:45:55 AM","createdBy":"0-3718","updatedAt":"Apr 25, 2018 11:45:55 AM","updatedBy":"0-3718","version":1},{"setSetsubiName":"講演セット","setZaikosu":2,"setTani":"セット","koseiSetsubiBunruiName":"講演設備","koseiSetsubiName":"スクリーン","koseiZaikosu":10,"koseiTani":"台","primaryKey":{"kanriCode":10,"bashoCode":10,"setsubiBunruiCode":1,"setsubiCode":6,"koseiSetsubiBunruiCode":1,"koseiSetsubiCode":2},"suryo":1,"createdAt":"Apr 25, 2018 11:45:55 AM","createdBy":"0-3718","updatedAt":"Apr 25, 2018 11:45:55 AM","updatedBy":"0-3718","version":1},{"setSetsubiName":"講演セット","setZaikosu":2,"setTani":"セット","koseiSetsubiBunruiName":"講演設備","koseiSetsubiName":"ポインター","koseiZaikosu":5,"koseiTani":"個","primaryKey":{"kanriCode":10,"bashoCode":10,"setsubiBunruiCode":1,"setsubiCode":6,"koseiSetsubiBunruiCode":1,"koseiSetsubiCode":3},"suryo":1,"createdAt":"Apr 25, 2018 11:45:55 AM","createdBy":"0-3718","updatedAt":"Apr 25, 2018 11:45:55 AM","updatedBy":"0-3718","version":1},{"setSetsubiName":"講演セット","setZaikosu":2,"setTani":"セット","koseiSetsubiBunruiName":"講演設備","koseiSetsubiName":"マイク","koseiZaikosu":5,"koseiTani":"本","primaryKey":{"kanriCode":10,"bashoCode":10,"setsubiBunruiCode":1,"setsubiCode":6,"koseiSetsubiBunruiCode":1,"koseiSetsubiCode":4},"suryo":1,"createdAt":"Apr 25, 2018 11:45:55 AM","createdBy":"0-3718","updatedAt":"Apr 25, 2018 11:45:55 AM","updatedBy":"0-3718","version":1},{"setSetsubiName":"講演セット","setZaikosu":2,"setTani":"セット","koseiSetsubiBunruiName":"講演設備","koseiSetsubiName":"スピーカー","koseiZaikosu":5,"koseiTani":"台","primaryKey":{"kanriCode":10,"bashoCode":10,"setsubiBunruiCode":1,"setsubiCode":6,"koseiSetsubiBunruiCode":1,"koseiSetsubiCode":5},"suryo":1,"createdAt":"Apr 25, 2018 11:45:55 AM","createdBy":"0-3718","updatedAt":"Apr 25, 2018 11:45:55 AM","updatedBy":"0-3718","version":1}],"primaryKey":{"kanriCode":10,"bashoCode":10,"setsubiBunruiCode":1,"setsubiCode":6},"setsubiName":"講演セット","setsubiChohyoName":"\u003c帳票名\u003e講演セット","tani":"セット","zaikosu":2,"isRyokinTenyuryoku":false,"isEnabledChusen":true,"isSetSetsubi":true,"isDisplayedWeb":true,"createdAt":"Apr 25, 2018 11:29:37 AM","createdBy":"0-3718","updatedAt":"Apr 25, 2018 11:29:37 AM","updatedBy":"0-3718","version":1}]
