[{"primaryKey":{"kanriCode":10,"shinseiNumber":1},"shinseiShurui":"2","henkoShinseiKaisu":0,"loginId":"1","riyoshaGroupCode":1,"shinseishaKanaName":"ジュウミンテストリヨウシャ","shinseishaName":"住民テスト利用者","shinseishaYubinBango":"2210001","shinseishaJusho1":"横浜市中区","shinseishaJusho2":"横浜市中区","daihyoshaKanaName":"ジュウミンテストリヨウシャ","daihyoshaName":"住民テスト利用者","renrakushaKanaName":"ジュウミンテストリヨウシャ","renrakushaName":"住民テスト利用者","renrakushaYubinBango":"2210001","renrakushaJusho1":"横浜市中区","renrakushaJusho2":"横浜市中区","denwaBango1":"0456645381","denwaBango2":"0456645381","mailAddress":"0456645381","memo":"a","toshoUketsukeDate":"Nov 30, 2017 12:00:00 AM","chusenGroupCode":12,"yusenJuni":1,"chusenKekka":"1","kariChusenKekka":"a","tosenShinseiJotai":"0","sakujoKijitsu":"Nov 30, 2017 12:00:00 AM","createdAt":"Nov 30, 2017 6:19:27 PM","createdBy":"1","updatedAt":"Nov 30, 2017 6:19:27 PM","updatedBy":"1","version":1}]
