[[{"code":"10","name":"生涯学習セ"},{"code":"30","name":"青少年館"},{"code":"60","name":"北市民セン"},{"code":"90","name":"南市民セン"},{"code":"120","name":"勤労福祉"},{"code":"130","name":"市民交流"},{"code":"150","name":"文化交流ひ"},{"code":"170","name":"小学校跡"},{"code":"180","name":"学校教育支援センター"},{"code":"220","name":"厚生文化会"},{"code":"230","name":"文化センタ"},{"code":"700","name":"第一庭球場"},{"code":"720","name":"第二庭球場"},{"code":"730","name":"第三庭球場"},{"code":"750","name":"第一野球場"},{"code":"760","name":"第二野球場"},{"code":"790","name":"総合運動場"},{"code":"810","name":"総合体育館"},{"code":"840","name":"西公園温水"},{"code":"860","name":"中央体育館"},{"code":"880","name":"スポ交流セ"},{"code":"901","name":"ＷＥＢ"}]]
