[{"chusenGroupCode":12,"chusenGroupName":"文化３ヶ月前抽選","chusenTaishoNengetsu":201809,"chusenTaishoStartDate":1,"chusenTaishoEndDate":31,"moshikomiKikanStart":301,"moshikomiKikanEnd":331,"chusenKikanStart":201,"chusenKikanEnd":201,"chusenDate":201,"tosenShinseiKikanStart":1111,"tosenShinseiKikanEnd":1111,"isEnabledSetMoshikomi":true,"isAllowedPenaltyRiyosha":true,"chusenHohoYusen1":"0","chusenHohoYusen2":"1","chusenHohoYusen3":"1","chusenHohoYusen4":"1","chusenHohoYusen5":"1","chusenHohoYusen6":"1","chusenHohoYusen7":"1","rirekiSanshoTsukisu":1,"isEnabledKonkaiTosen":false,"isEnabledAkikomaTosen":false,"tosenYoyakuShurui":"0","isEnabledMoshikomiMail":false,"isEnabledKekkaMail":false,"createdAt":"Jan 17, 2018 12:00:00 AM","createdBy":"8000","updatedAt":"Jan 17, 2018 12:00:00 AM","updatedBy":"8000","version":0}]
