[{"userName":"職員テスト利用者","reservableMKashidashiTanis":[],"mShiyoMokutekiList":[],"isDeleted":false,"isAdded":false,"nyujoRyokinDtos":[],"nyujoRyokinKomaDtos":[],"rehearsalDtos":[],"koenTimeDtos":[],"komaCode":[],"ryokinDtoMap":{"SETSUBI":{"ryokinSanshutsuKomokuDtos":[],"primaryKey":{"ryokinKubun":"1"},"kihonRyokin":0,"kasangakuGokei":0,"gemmengakuGokei":0,"waribikigakuGokei":0,"hasuChoseigaku":0,"tenyuryokuChoseigaku":0,"ryokinGokei":0,"ryoshuGokei":0,"kampuGokei":0,"zenkaiShiyoRyokin":0,"miseisanCancelRyokinGokei":0},"SHISETSU":{"ryokinSanshutsuKomokuDtos":[],"primaryKey":{"ryokinKubun":"0"},"kihonRyokin":0,"kasangakuGokei":0,"gemmengakuGokei":0,"waribikigakuGokei":0,"hasuChoseigaku":0,"tenyuryokuChoseigaku":0,"ryokinGokei":0,"ryoshuGokei":0,"kampuGokei":0,"zenkaiShiyoRyokin":0,"miseisanCancelRyokinGokei":0}},"setsubiShinseiDtos":[],"id":1,"kanriCode":10,"shinseiNumber":10,"meisaiNumber":1,"meisaiKoshinKaisu":0,"meisaiJotai":"0","bashoCode":90,"shisetsuCode":10,"kashidashiTaniCode":0,"shiyoDate":"May 16, 2017 12:00:00 AM","yobiPattern":"0","startKoma":3,"endKoma":5,"startTime":1300,"endTime":2130,"ryokinTaikeiCode":1,"shiyoMokutekiCode":1060,"shiyoNinzu":200,"gyoji1":"行事名１","gyoji2":"行事名２","memo":"メモ","shinsaKubun":"1","shinsaRiyuCode":1,"uketsukeDate":"Sep 13, 2016 12:00:00 AM","uketsukeBashoCode":90,"isUsed":true,"createdAt":"Nov 6, 2017 1:08:00 PM","createdBy":"8000","updatedAt":"Nov 6, 2017 1:08:00 PM","updatedBy":"8000","version":0}]
