[{"id":0,"kanriCode":10,"shinseiNumber":10,"meisaiNumber":1,"meisaiKoshinKaisu":0,"meisaiJotai":"0","bashoCode":10,"shisetsuCode":10,"kashidashiTaniCode":0,"shiyoDate":"Apr 19, 2018 12:00:00 AM","yobiPattern":"0","startKoma":3,"endKoma":5,"startTime":1100,"endTime":1400,"ryokinTaikeiCode":1,"shiyoMokutekiCode":1010,"shiyoNinzu":20,"gyoji1":"行事１","gyoji2":"行事２","memo":"メモ","shinsaKubun":"1","shinsaRiyuCode":1,"uketsukeDate":"Apr 18, 2018 12:00:00 AM","uketsukeBashoCode":10,"isUsed":false,"createdAt":"Apr 18, 2018 6:45:36 PM","createdBy":"0-hirata","updatedAt":"Apr 18, 2018 6:45:36 PM","updatedBy":"0-hirata","version":1}]
