[{"id":0,"kanriCode":10,"shinseiNumber":444,"meisaiNumber":1,"meisaiKoshinKaisu":0,"meisaiJotai":"0","bashoCode":10,"shisetsuCode":10,"kashidashiTaniCode":1,"shiyoDate":"Apr 19, 2018 12:00:00 AM","yobiPattern":"0","startKoma":3,"endKoma":5,"startTime":1100,"endTime":1400,"ryokinTaikeiCode":1,"shiyoMokutekiCode":1010,"shiyoNinzu":20,"gyoji1":"行事１","gyoji2":"行事２","memo":"メモ","shinsaKubun":"1","shinsaRiyuCode":1,"uketsukeDate":"Apr 18, 2018 12:00:00 AM","uketsukeBashoCode":10,"isUsed":true,"createdAt":"Apr 18, 2018 6:45:36 PM","createdBy":"0-hirata","updatedAt":"Apr 18, 2018 6:45:36 PM","updatedBy":"0-hirata","version":1},{"id":1,"kanriCode":26,"shinseiNumber":2016000445,"meisaiNumber":1,"meisaiKoshinKaisu":0,"meisaiJotai":"0","bashoCode":90,"shisetsuCode":10,"kashidashiTaniCode":0,"shiyoDate":"May 16, 2017 12:00:00 AM","yobiPattern":"0","startKoma":3,"endKoma":5,"startTime":1300,"endTime":2130,"ryokinTaikeiCode":1,"shiyoMokutekiCode":1060,"shiyoNinzu":200,"gyoji1":"行事名１","gyoji2":"行事名２","memo":"メモ","shinsaKubun":"1","shinsaRiyuCode":1,"uketsukeDate":"Sep 13, 2016 12:00:00 AM","uketsukeBashoCode":90,"isUsed":true,"createdAt":"Nov 6, 2017 1:08:00 PM","createdBy":"8000","updatedAt":"Nov 6, 2017 1:08:00 PM","updatedBy":"8000","version":0},{"id":2,"kanriCode":26,"shinseiNumber":2016000446,"meisaiNumber":1,"meisaiKoshinKaisu":0,"meisaiJotai":"0","bashoCode":90,"shisetsuCode":10,"kashidashiTaniCode":0,"shiyoDate":"May 17, 2017 12:00:00 AM","yobiPattern":"0","startKoma":1,"endKoma":3,"startTime":900,"endTime":1700,"ryokinTaikeiCode":1,"shiyoMokutekiCode":1060,"shiyoNinzu":200,"gyoji1":"行事名１","gyoji2":"行事名２","memo":"メモ","shinsaKubun":"1","shinsaRiyuCode":1,"uketsukeDate":"Sep 13, 2016 12:00:00 AM","uketsukeBashoCode":90,"isUsed":true,"createdAt":"Nov 6, 2017 1:08:00 PM","createdBy":"8000","updatedAt":"Nov 6, 2017 1:08:00 PM","updatedBy":"8000","version":0},{"id":3,"kanriCode":34,"shinseiNumber":2016003106,"meisaiNumber":1,"meisaiKoshinKaisu":0,"meisaiJotai":"0","bashoCode":130,"shisetsuCode":20,"kashidashiTaniCode":0,"shiyoDate":"Apr 21, 2017 12:00:00 AM","yobiPattern":"0","startKoma":10,"endKoma":13,"startTime":1800,"endTime":2200,"ryokinTaikeiCode":1,"shiyoMokutekiCode":3200,"shiyoNinzu":8,"gyoji1":"行事名１","gyoji2":"行事名２","memo":"メモ","shinsaKubun":"1","shinsaRiyuCode":1,"uketsukeDate":"Apr 20, 2017 12:00:00 AM","uketsukeBashoCode":130,"isUsed":true,"createdAt":"Nov 6, 2017 1:08:00 PM","createdBy":"8000","updatedAt":"Nov 6, 2017 1:08:00 PM","updatedBy":"8000","version":0},{"id":4,"kanriCode":20,"shinseiNumber":2016002307,"meisaiNumber":1,"meisaiKoshinKaisu":0,"meisaiJotai":"0","bashoCode":60,"shisetsuCode":10,"kashidashiTaniCode":0,"shiyoDate":"Apr 12, 2017 12:00:00 AM","yobiPattern":"0","startKoma":3,"endKoma":3,"startTime":1300,"endTime":1700,"ryokinTaikeiCode":1,"shiyoMokutekiCode":3190,"shiyoNinzu":58,"gyoji1":"行事名１","gyoji2":"行事名２","memo":"メモ","shinsaKubun":"1","shinsaRiyuCode":1,"uketsukeDate":"Apr 12, 2017 12:00:00 AM","uketsukeBashoCode":60,"isUsed":true,"createdAt":"Nov 6, 2017 1:08:00 PM","createdBy":"8000","updatedAt":"Nov 6, 2017 1:08:00 PM","updatedBy":"8000","version":0},{"id":5,"kanriCode":34,"shinseiNumber":2016002894,"meisaiNumber":1,"meisaiKoshinKaisu":0,"meisaiJotai":"0","bashoCode":130,"shisetsuCode":20,"kashidashiTaniCode":0,"shiyoDate":"Apr 30, 2017 12:00:00 AM","yobiPattern":"2","startKoma":5,"endKoma":8,"startTime":1300,"endTime":1700,"ryokinTaikeiCode":1,"shiyoMokutekiCode":3200,"shiyoNinzu":50,"gyoji1":"行事名１","gyoji2":"行事名２","memo":"メモ","shinsaKubun":"1","shinsaRiyuCode":1,"uketsukeDate":"Apr 29, 2017 12:00:00 AM","uketsukeBashoCode":130,"isUsed":true,"createdAt":"Nov 6, 2017 1:08:00 PM","createdBy":"8000","updatedAt":"Nov 6, 2017 1:08:00 PM","updatedBy":"8000","version":0}]
