{"24":{"50":{"chusenGroupCode":12,"chusenGroupName":"文化３ヶ月前抽選","chusenTaishoNengetsu":201809,"chusenTaishoStartDate":1,"chusenTaishoEndDate":31,"moshikomiKikanStart":301,"moshikomiKikanEnd":331,"chusenKikanStart":201,"chusenKikanEnd":201,"chusenDate":201,"isEnabledSetMoshikomi":true,"isAllowedPenaltyRiyosha":true,"chusenHohoYusen1":"0","chusenHohoYusen2":"1","rirekiSanshoTsukisu":1,"isEnabledKonkaiTosen":false,"isEnabledAkikomaTosen":false,"tosenYoyakuShurui":"0","isEnabledMoshikomiMail":false,"isEnabledKekkaMail":false,"createdAt":"Jan 17, 2018 12:00:00 AM","createdBy":"8000","updatedAt":"Jan 17, 2018 12:00:00 AM","updatedBy":"8000","version":0},"20":{"chusenGroupCode":12,"chusenGroupName":"文化３ヶ月前抽選","chusenTaishoNengetsu":201809,"chusenTaishoStartDate":1,"chusenTaishoEndDate":31,"moshikomiKikanStart":301,"moshikomiKikanEnd":331,"chusenKikanStart":201,"chusenKikanEnd":201,"chusenDate":201,"isEnabledSetMoshikomi":true,"isAllowedPenaltyRiyosha":true,"chusenHohoYusen1":"0","chusenHohoYusen2":"1","rirekiSanshoTsukisu":1,"isEnabledKonkaiTosen":false,"isEnabledAkikomaTosen":false,"tosenYoyakuShurui":"0","isEnabledMoshikomiMail":false,"isEnabledKekkaMail":false,"createdAt":"Jan 17, 2018 12:00:00 AM","createdBy":"8000","updatedAt":"Jan 17, 2018 12:00:00 AM","updatedBy":"8000","version":0},"70":{"chusenGroupCode":12,"chusenGroupName":"文化３ヶ月前抽選","chusenTaishoNengetsu":201809,"chusenTaishoStartDate":1,"chusenTaishoEndDate":31,"moshikomiKikanStart":301,"moshikomiKikanEnd":331,"chusenKikanStart":201,"chusenKikanEnd":201,"chusenDate":201,"isEnabledSetMoshikomi":true,"isAllowedPenaltyRiyosha":true,"chusenHohoYusen1":"0","chusenHohoYusen2":"1","rirekiSanshoTsukisu":1,"isEnabledKonkaiTosen":false,"isEnabledAkikomaTosen":false,"tosenYoyakuShurui":"0","isEnabledMoshikomiMail":false,"isEnabledKekkaMail":false,"createdAt":"Jan 17, 2018 12:00:00 AM","createdBy":"8000","updatedAt":"Jan 17, 2018 12:00:00 AM","updatedBy":"8000","version":0},"10":{"chusenGroupCode":12,"chusenGroupName":"文化３ヶ月前抽選","chusenTaishoNengetsu":201809,"chusenTaishoStartDate":1,"chusenTaishoEndDate":31,"moshikomiKikanStart":301,"moshikomiKikanEnd":331,"chusenKikanStart":201,"chusenKikanEnd":201,"chusenDate":201,"isEnabledSetMoshikomi":true,"isAllowedPenaltyRiyosha":true,"chusenHohoYusen1":"0","chusenHohoYusen2":"1","rirekiSanshoTsukisu":1,"isEnabledKonkaiTosen":false,"isEnabledAkikomaTosen":false,"tosenYoyakuShurui":"0","isEnabledMoshikomiMail":false,"isEnabledKekkaMail":false,"createdAt":"Jan 17, 2018 12:00:00 AM","createdBy":"8000","updatedAt":"Jan 17, 2018 12:00:00 AM","updatedBy":"8000","version":0},"60":{"chusenGroupCode":12,"chusenGroupName":"文化３ヶ月前抽選","chusenTaishoNengetsu":201809,"chusenTaishoStartDate":1,"chusenTaishoEndDate":31,"moshikomiKikanStart":301,"moshikomiKikanEnd":331,"chusenKikanStart":201,"chusenKikanEnd":201,"chusenDate":201,"isEnabledSetMoshikomi":true,"isAllowedPenaltyRiyosha":true,"chusenHohoYusen1":"0","chusenHohoYusen2":"1","rirekiSanshoTsukisu":1,"isEnabledKonkaiTosen":false,"isEnabledAkikomaTosen":false,"tosenYoyakuShurui":"0","isEnabledMoshikomiMail":false,"isEnabledKekkaMail":false,"createdAt":"Jan 17, 2018 12:00:00 AM","createdBy":"8000","updatedAt":"Jan 17, 2018 12:00:00 AM","updatedBy":"8000","version":0},"30":{"chusenGroupCode":12,"chusenGroupName":"文化３ヶ月前抽選","chusenTaishoNengetsu":201809,"chusenTaishoStartDate":1,"chusenTaishoEndDate":31,"moshikomiKikanStart":301,"moshikomiKikanEnd":331,"chusenKikanStart":201,"chusenKikanEnd":201,"chusenDate":201,"isEnabledSetMoshikomi":true,"isAllowedPenaltyRiyosha":true,"chusenHohoYusen1":"0","chusenHohoYusen2":"1","rirekiSanshoTsukisu":1,"isEnabledKonkaiTosen":false,"isEnabledAkikomaTosen":false,"tosenYoyakuShurui":"0","isEnabledMoshikomiMail":false,"isEnabledKekkaMail":false,"createdAt":"Jan 17, 2018 12:00:00 AM","createdBy":"8000","updatedAt":"Jan 17, 2018 12:00:00 AM","updatedBy":"8000","version":0}},"10":{"80":{"chusenGroupCode":12,"chusenGroupName":"文化３ヶ月前抽選","chusenTaishoNengetsu":201809,"chusenTaishoStartDate":1,"chusenTaishoEndDate":31,"moshikomiKikanStart":301,"moshikomiKikanEnd":331,"chusenKikanStart":201,"chusenKikanEnd":201,"chusenDate":201,"isEnabledSetMoshikomi":true,"isAllowedPenaltyRiyosha":true,"chusenHohoYusen1":"0","chusenHohoYusen2":"1","rirekiSanshoTsukisu":1,"isEnabledKonkaiTosen":false,"isEnabledAkikomaTosen":false,"tosenYoyakuShurui":"0","isEnabledMoshikomiMail":false,"isEnabledKekkaMail":false,"createdAt":"Jan 17, 2018 12:00:00 AM","createdBy":"8000","updatedAt":"Jan 17, 2018 12:00:00 AM","updatedBy":"8000","version":0},"50":{"chusenGroupCode":12,"chusenGroupName":"文化３ヶ月前抽選","chusenTaishoNengetsu":201809,"chusenTaishoStartDate":1,"chusenTaishoEndDate":31,"moshikomiKikanStart":301,"moshikomiKikanEnd":331,"chusenKikanStart":201,"chusenKikanEnd":201,"chusenDate":201,"isEnabledSetMoshikomi":true,"isAllowedPenaltyRiyosha":true,"chusenHohoYusen1":"0","chusenHohoYusen2":"1","rirekiSanshoTsukisu":1,"isEnabledKonkaiTosen":false,"isEnabledAkikomaTosen":false,"tosenYoyakuShurui":"0","isEnabledMoshikomiMail":false,"isEnabledKekkaMail":false,"createdAt":"Jan 17, 2018 12:00:00 AM","createdBy":"8000","updatedAt":"Jan 17, 2018 12:00:00 AM","updatedBy":"8000","version":0},"20":{"chusenGroupCode":12,"chusenGroupName":"文化３ヶ月前抽選","chusenTaishoNengetsu":201809,"chusenTaishoStartDate":1,"chusenTaishoEndDate":31,"moshikomiKikanStart":301,"moshikomiKikanEnd":331,"chusenKikanStart":201,"chusenKikanEnd":201,"chusenDate":201,"isEnabledSetMoshikomi":true,"isAllowedPenaltyRiyosha":true,"chusenHohoYusen1":"0","chusenHohoYusen2":"1","rirekiSanshoTsukisu":1,"isEnabledKonkaiTosen":false,"isEnabledAkikomaTosen":false,"tosenYoyakuShurui":"0","isEnabledMoshikomiMail":false,"isEnabledKekkaMail":false,"createdAt":"Jan 17, 2018 12:00:00 AM","createdBy":"8000","updatedAt":"Jan 17, 2018 12:00:00 AM","updatedBy":"8000","version":0},"70":{"chusenGroupCode":12,"chusenGroupName":"文化３ヶ月前抽選","chusenTaishoNengetsu":201809,"chusenTaishoStartDate":1,"chusenTaishoEndDate":31,"moshikomiKikanStart":301,"moshikomiKikanEnd":331,"chusenKikanStart":201,"chusenKikanEnd":201,"chusenDate":201,"isEnabledSetMoshikomi":true,"isAllowedPenaltyRiyosha":true,"chusenHohoYusen1":"0","chusenHohoYusen2":"1","rirekiSanshoTsukisu":1,"isEnabledKonkaiTosen":false,"isEnabledAkikomaTosen":false,"tosenYoyakuShurui":"0","isEnabledMoshikomiMail":false,"isEnabledKekkaMail":false,"createdAt":"Jan 17, 2018 12:00:00 AM","createdBy":"8000","updatedAt":"Jan 17, 2018 12:00:00 AM","updatedBy":"8000","version":0},"40":{"chusenGroupCode":13,"chusenGroupName":"test抽選","chusenTaishoNengetsu":201808,"chusenTaishoStartDate":1,"chusenTaishoEndDate":31,"moshikomiKikanStart":201,"moshikomiKikanEnd":220,"chusenKikanStart":221,"chusenKikanEnd":221,"chusenDate":221,"isEnabledSetMoshikomi":false,"isAllowedPenaltyRiyosha":true,"chusenHohoYusen1":"0","chusenHohoYusen2":"1","rirekiSanshoTsukisu":1,"isEnabledKonkaiTosen":false,"isEnabledAkikomaTosen":false,"tosenYoyakuShurui":"0","isEnabledMoshikomiMail":false,"isEnabledKekkaMail":false,"createdAt":"Jan 17, 2018 12:00:00 AM","createdBy":"8000","updatedAt":"Jan 17, 2018 12:00:00 AM","updatedBy":"8000","version":0},"10":{"chusenGroupCode":12,"chusenGroupName":"文化３ヶ月前抽選","chusenTaishoNengetsu":201809,"chusenTaishoStartDate":1,"chusenTaishoEndDate":31,"moshikomiKikanStart":301,"moshikomiKikanEnd":331,"chusenKikanStart":201,"chusenKikanEnd":201,"chusenDate":201,"isEnabledSetMoshikomi":true,"isAllowedPenaltyRiyosha":true,"chusenHohoYusen1":"0","chusenHohoYusen2":"1","rirekiSanshoTsukisu":1,"isEnabledKonkaiTosen":false,"isEnabledAkikomaTosen":false,"tosenYoyakuShurui":"0","isEnabledMoshikomiMail":false,"isEnabledKekkaMail":false,"createdAt":"Jan 17, 2018 12:00:00 AM","createdBy":"8000","updatedAt":"Jan 17, 2018 12:00:00 AM","updatedBy":"8000","version":0},"90":{"chusenGroupCode":12,"chusenGroupName":"文化３ヶ月前抽選","chusenTaishoNengetsu":201809,"chusenTaishoStartDate":1,"chusenTaishoEndDate":31,"moshikomiKikanStart":301,"moshikomiKikanEnd":331,"chusenKikanStart":201,"chusenKikanEnd":201,"chusenDate":201,"isEnabledSetMoshikomi":true,"isAllowedPenaltyRiyosha":true,"chusenHohoYusen1":"0","chusenHohoYusen2":"1","rirekiSanshoTsukisu":1,"isEnabledKonkaiTosen":false,"isEnabledAkikomaTosen":false,"tosenYoyakuShurui":"0","isEnabledMoshikomiMail":false,"isEnabledKekkaMail":false,"createdAt":"Jan 17, 2018 12:00:00 AM","createdBy":"8000","updatedAt":"Jan 17, 2018 12:00:00 AM","updatedBy":"8000","version":0},"60":{"chusenGroupCode":12,"chusenGroupName":"文化３ヶ月前抽選","chusenTaishoNengetsu":201809,"chusenTaishoStartDate":1,"chusenTaishoEndDate":31,"moshikomiKikanStart":301,"moshikomiKikanEnd":331,"chusenKikanStart":201,"chusenKikanEnd":201,"chusenDate":201,"isEnabledSetMoshikomi":true,"isAllowedPenaltyRiyosha":true,"chusenHohoYusen1":"0","chusenHohoYusen2":"1","rirekiSanshoTsukisu":1,"isEnabledKonkaiTosen":false,"isEnabledAkikomaTosen":false,"tosenYoyakuShurui":"0","isEnabledMoshikomiMail":false,"isEnabledKekkaMail":false,"createdAt":"Jan 17, 2018 12:00:00 AM","createdBy":"8000","updatedAt":"Jan 17, 2018 12:00:00 AM","updatedBy":"8000","version":0},"30":{"chusenGroupCode":12,"chusenGroupName":"文化３ヶ月前抽選","chusenTaishoNengetsu":201809,"chusenTaishoStartDate":1,"chusenTaishoEndDate":31,"moshikomiKikanStart":301,"moshikomiKikanEnd":331,"chusenKikanStart":201,"chusenKikanEnd":201,"chusenDate":201,"isEnabledSetMoshikomi":true,"isAllowedPenaltyRiyosha":true,"chusenHohoYusen1":"0","chusenHohoYusen2":"1","rirekiSanshoTsukisu":1,"isEnabledKonkaiTosen":false,"isEnabledAkikomaTosen":false,"tosenYoyakuShurui":"0","isEnabledMoshikomiMail":false,"isEnabledKekkaMail":false,"createdAt":"Jan 17, 2018 12:00:00 AM","createdBy":"8000","updatedAt":"Jan 17, 2018 12:00:00 AM","updatedBy":"8000","version":0}},"14":{"80":{"chusenGroupCode":12,"chusenGroupName":"文化３ヶ月前抽選","chusenTaishoNengetsu":201809,"chusenTaishoStartDate":1,"chusenTaishoEndDate":31,"moshikomiKikanStart":301,"moshikomiKikanEnd":331,"chusenKikanStart":201,"chusenKikanEnd":201,"chusenDate":201,"isEnabledSetMoshikomi":true,"isAllowedPenaltyRiyosha":true,"chusenHohoYusen1":"0","chusenHohoYusen2":"1","rirekiSanshoTsukisu":1,"isEnabledKonkaiTosen":false,"isEnabledAkikomaTosen":false,"tosenYoyakuShurui":"0","isEnabledMoshikomiMail":false,"isEnabledKekkaMail":false,"createdAt":"Jan 17, 2018 12:00:00 AM","createdBy":"8000","updatedAt":"Jan 17, 2018 12:00:00 AM","updatedBy":"8000","version":0},"50":{"chusenGroupCode":12,"chusenGroupName":"文化３ヶ月前抽選","chusenTaishoNengetsu":201809,"chusenTaishoStartDate":1,"chusenTaishoEndDate":31,"moshikomiKikanStart":301,"moshikomiKikanEnd":331,"chusenKikanStart":201,"chusenKikanEnd":201,"chusenDate":201,"isEnabledSetMoshikomi":true,"isAllowedPenaltyRiyosha":true,"chusenHohoYusen1":"0","chusenHohoYusen2":"1","rirekiSanshoTsukisu":1,"isEnabledKonkaiTosen":false,"isEnabledAkikomaTosen":false,"tosenYoyakuShurui":"0","isEnabledMoshikomiMail":false,"isEnabledKekkaMail":false,"createdAt":"Jan 17, 2018 12:00:00 AM","createdBy":"8000","updatedAt":"Jan 17, 2018 12:00:00 AM","updatedBy":"8000","version":0},"20":{"chusenGroupCode":12,"chusenGroupName":"文化３ヶ月前抽選","chusenTaishoNengetsu":201809,"chusenTaishoStartDate":1,"chusenTaishoEndDate":31,"moshikomiKikanStart":301,"moshikomiKikanEnd":331,"chusenKikanStart":201,"chusenKikanEnd":201,"chusenDate":201,"isEnabledSetMoshikomi":true,"isAllowedPenaltyRiyosha":true,"chusenHohoYusen1":"0","chusenHohoYusen2":"1","rirekiSanshoTsukisu":1,"isEnabledKonkaiTosen":false,"isEnabledAkikomaTosen":false,"tosenYoyakuShurui":"0","isEnabledMoshikomiMail":false,"isEnabledKekkaMail":false,"createdAt":"Jan 17, 2018 12:00:00 AM","createdBy":"8000","updatedAt":"Jan 17, 2018 12:00:00 AM","updatedBy":"8000","version":0},"70":{"chusenGroupCode":12,"chusenGroupName":"文化３ヶ月前抽選","chusenTaishoNengetsu":201809,"chusenTaishoStartDate":1,"chusenTaishoEndDate":31,"moshikomiKikanStart":301,"moshikomiKikanEnd":331,"chusenKikanStart":201,"chusenKikanEnd":201,"chusenDate":201,"isEnabledSetMoshikomi":true,"isAllowedPenaltyRiyosha":true,"chusenHohoYusen1":"0","chusenHohoYusen2":"1","rirekiSanshoTsukisu":1,"isEnabledKonkaiTosen":false,"isEnabledAkikomaTosen":false,"tosenYoyakuShurui":"0","isEnabledMoshikomiMail":false,"isEnabledKekkaMail":false,"createdAt":"Jan 17, 2018 12:00:00 AM","createdBy":"8000","updatedAt":"Jan 17, 2018 12:00:00 AM","updatedBy":"8000","version":0},"40":{"chusenGroupCode":12,"chusenGroupName":"文化３ヶ月前抽選","chusenTaishoNengetsu":201809,"chusenTaishoStartDate":1,"chusenTaishoEndDate":31,"moshikomiKikanStart":301,"moshikomiKikanEnd":331,"chusenKikanStart":201,"chusenKikanEnd":201,"chusenDate":201,"isEnabledSetMoshikomi":true,"isAllowedPenaltyRiyosha":true,"chusenHohoYusen1":"0","chusenHohoYusen2":"1","rirekiSanshoTsukisu":1,"isEnabledKonkaiTosen":false,"isEnabledAkikomaTosen":false,"tosenYoyakuShurui":"0","isEnabledMoshikomiMail":false,"isEnabledKekkaMail":false,"createdAt":"Jan 17, 2018 12:00:00 AM","createdBy":"8000","updatedAt":"Jan 17, 2018 12:00:00 AM","updatedBy":"8000","version":0},"10":{"chusenGroupCode":12,"chusenGroupName":"文化３ヶ月前抽選","chusenTaishoNengetsu":201809,"chusenTaishoStartDate":1,"chusenTaishoEndDate":31,"moshikomiKikanStart":301,"moshikomiKikanEnd":331,"chusenKikanStart":201,"chusenKikanEnd":201,"chusenDate":201,"isEnabledSetMoshikomi":true,"isAllowedPenaltyRiyosha":true,"chusenHohoYusen1":"0","chusenHohoYusen2":"1","rirekiSanshoTsukisu":1,"isEnabledKonkaiTosen":false,"isEnabledAkikomaTosen":false,"tosenYoyakuShurui":"0","isEnabledMoshikomiMail":false,"isEnabledKekkaMail":false,"createdAt":"Jan 17, 2018 12:00:00 AM","createdBy":"8000","updatedAt":"Jan 17, 2018 12:00:00 AM","updatedBy":"8000","version":0},"60":{"chusenGroupCode":12,"chusenGroupName":"文化３ヶ月前抽選","chusenTaishoNengetsu":201809,"chusenTaishoStartDate":1,"chusenTaishoEndDate":31,"moshikomiKikanStart":301,"moshikomiKikanEnd":331,"chusenKikanStart":201,"chusenKikanEnd":201,"chusenDate":201,"isEnabledSetMoshikomi":true,"isAllowedPenaltyRiyosha":true,"chusenHohoYusen1":"0","chusenHohoYusen2":"1","rirekiSanshoTsukisu":1,"isEnabledKonkaiTosen":false,"isEnabledAkikomaTosen":false,"tosenYoyakuShurui":"0","isEnabledMoshikomiMail":false,"isEnabledKekkaMail":false,"createdAt":"Jan 17, 2018 12:00:00 AM","createdBy":"8000","updatedAt":"Jan 17, 2018 12:00:00 AM","updatedBy":"8000","version":0},"30":{"chusenGroupCode":12,"chusenGroupName":"文化３ヶ月前抽選","chusenTaishoNengetsu":201809,"chusenTaishoStartDate":1,"chusenTaishoEndDate":31,"moshikomiKikanStart":301,"moshikomiKikanEnd":331,"chusenKikanStart":201,"chusenKikanEnd":201,"chusenDate":201,"isEnabledSetMoshikomi":true,"isAllowedPenaltyRiyosha":true,"chusenHohoYusen1":"0","chusenHohoYusen2":"1","rirekiSanshoTsukisu":1,"isEnabledKonkaiTosen":false,"isEnabledAkikomaTosen":false,"tosenYoyakuShurui":"0","isEnabledMoshikomiMail":false,"isEnabledKekkaMail":false,"createdAt":"Jan 17, 2018 12:00:00 AM","createdBy":"8000","updatedAt":"Jan 17, 2018 12:00:00 AM","updatedBy":"8000","version":0}}}
