{"52":{"50":{"chusenGroupCode":12,"chusenGroupName":"文化３ヶ月前抽選","chusenTaishoNengetsu":201809,"chusenTaishoStartDate":1,"chusenTaishoEndDate":31,"moshikomiKikanStart":301,"moshikomiKikanEnd":331,"chusenKikanStart":201,"chusenKikanEnd":201,"chusenDate":201,"isEnabledSetMoshikomi":true,"isAllowedPenaltyRiyosha":true,"chusenHohoYusen1":"0","chusenHohoYusen2":"1","rirekiSanshoTsukisu":1,"isEnabledKonkaiTosen":false,"isEnabledAkikomaTosen":false,"tosenYoyakuShurui":"0","isEnabledMoshikomiMail":false,"isEnabledKekkaMail":false,"createdAt":"Jan 17, 2018 12:00:00 AM","createdBy":"8000","updatedAt":"Jan 17, 2018 12:00:00 AM","updatedBy":"8000","version":0},"40":{"chusenGroupCode":12,"chusenGroupName":"文化３ヶ月前抽選","chusenTaishoNengetsu":201809,"chusenTaishoStartDate":1,"chusenTaishoEndDate":31,"moshikomiKikanStart":301,"moshikomiKikanEnd":331,"chusenKikanStart":201,"chusenKikanEnd":201,"chusenDate":201,"isEnabledSetMoshikomi":true,"isAllowedPenaltyRiyosha":true,"chusenHohoYusen1":"0","chusenHohoYusen2":"1","rirekiSanshoTsukisu":1,"isEnabledKonkaiTosen":false,"isEnabledAkikomaTosen":false,"tosenYoyakuShurui":"0","isEnabledMoshikomiMail":false,"isEnabledKekkaMail":false,"createdAt":"Jan 17, 2018 12:00:00 AM","createdBy":"8000","updatedAt":"Jan 17, 2018 12:00:00 AM","updatedBy":"8000","version":0},"30":{"chusenGroupCode":12,"chusenGroupName":"文化３ヶ月前抽選","chusenTaishoNengetsu":201809,"chusenTaishoStartDate":1,"chusenTaishoEndDate":31,"moshikomiKikanStart":301,"moshikomiKikanEnd":331,"chusenKikanStart":201,"chusenKikanEnd":201,"chusenDate":201,"isEnabledSetMoshikomi":true,"isAllowedPenaltyRiyosha":true,"chusenHohoYusen1":"0","chusenHohoYusen2":"1","rirekiSanshoTsukisu":1,"isEnabledKonkaiTosen":false,"isEnabledAkikomaTosen":false,"tosenYoyakuShurui":"0","isEnabledMoshikomiMail":false,"isEnabledKekkaMail":false,"createdAt":"Jan 17, 2018 12:00:00 AM","createdBy":"8000","updatedAt":"Jan 17, 2018 12:00:00 AM","updatedBy":"8000","version":0}},"70":{"480":{"chusenGroupCode":72,"chusenGroupName":"スポーツ施設抽選","chusenTaishoNengetsu":201808,"chusenTaishoStartDate":1,"chusenTaishoEndDate":31,"moshikomiKikanStart":201,"moshikomiKikanEnd":209,"chusenKikanStart":210,"chusenKikanEnd":210,"chusenDate":210,"isEnabledSetMoshikomi":false,"isAllowedPenaltyRiyosha":true,"chusenHohoYusen1":"0","rirekiSanshoTsukisu":1,"isEnabledKonkaiTosen":false,"isEnabledAkikomaTosen":false,"tosenYoyakuShurui":"0","isEnabledMoshikomiMail":false,"isEnabledKekkaMail":false,"createdAt":"Jan 17, 2018 12:00:00 AM","createdBy":"8000","updatedAt":"Jan 17, 2018 12:00:00 AM","updatedBy":"8000","version":0},"470":{"chusenGroupCode":72,"chusenGroupName":"スポーツ施設抽選","chusenTaishoNengetsu":201808,"chusenTaishoStartDate":1,"chusenTaishoEndDate":31,"moshikomiKikanStart":201,"moshikomiKikanEnd":209,"chusenKikanStart":210,"chusenKikanEnd":210,"chusenDate":210,"isEnabledSetMoshikomi":false,"isAllowedPenaltyRiyosha":true,"chusenHohoYusen1":"0","rirekiSanshoTsukisu":1,"isEnabledKonkaiTosen":false,"isEnabledAkikomaTosen":false,"tosenYoyakuShurui":"0","isEnabledMoshikomiMail":false,"isEnabledKekkaMail":false,"createdAt":"Jan 17, 2018 12:00:00 AM","createdBy":"8000","updatedAt":"Jan 17, 2018 12:00:00 AM","updatedBy":"8000","version":0},"40":{"chusenGroupCode":71,"chusenGroupName":"テニス前半抽選","chusenTaishoNengetsu":201808,"chusenTaishoStartDate":1,"chusenTaishoEndDate":31,"moshikomiKikanStart":201,"moshikomiKikanEnd":209,"chusenKikanStart":210,"chusenKikanEnd":210,"chusenDate":210,"isEnabledSetMoshikomi":true,"isAllowedPenaltyRiyosha":true,"chusenHohoYusen1":"0","rirekiSanshoTsukisu":1,"isEnabledKonkaiTosen":false,"isEnabledAkikomaTosen":false,"tosenYoyakuShurui":"0","isEnabledMoshikomiMail":false,"isEnabledKekkaMail":false,"createdAt":"Jan 17, 2018 12:00:00 AM","createdBy":"8000","updatedAt":"Jan 17, 2018 12:00:00 AM","updatedBy":"8000","version":0},"10":{"chusenGroupCode":71,"chusenGroupName":"テニス前半抽選","chusenTaishoNengetsu":201808,"chusenTaishoStartDate":1,"chusenTaishoEndDate":31,"moshikomiKikanStart":201,"moshikomiKikanEnd":209,"chusenKikanStart":210,"chusenKikanEnd":210,"chusenDate":210,"isEnabledSetMoshikomi":true,"isAllowedPenaltyRiyosha":true,"chusenHohoYusen1":"0","rirekiSanshoTsukisu":1,"isEnabledKonkaiTosen":false,"isEnabledAkikomaTosen":false,"tosenYoyakuShurui":"0","isEnabledMoshikomiMail":false,"isEnabledKekkaMail":false,"createdAt":"Jan 17, 2018 12:00:00 AM","createdBy":"8000","updatedAt":"Jan 17, 2018 12:00:00 AM","updatedBy":"8000","version":0}}}
