{"32":{"primaryKey":{"loginId":"1","kanriCode":32},"isAllowedUpdate":true,"createdAt":"Oct 30, 2017 11:19:00 AM","createdBy":"1","updatedAt":"Oct 30, 2017 11:19:00 AM","updatedBy":"1","version":0},"34":{"primaryKey":{"loginId":"1","kanriCode":34},"isAllowedUpdate":true,"createdAt":"Oct 30, 2017 11:19:00 AM","createdBy":"1","updatedAt":"Oct 30, 2017 11:19:00 AM","updatedBy":"1","version":0},"70":{"primaryKey":{"loginId":"1","kanriCode":70},"isAllowedUpdate":true,"createdAt":"Oct 30, 2017 11:19:00 AM","createdBy":"1","updatedAt":"Oct 30, 2017 11:19:00 AM","updatedBy":"1","version":0},"38":{"primaryKey":{"loginId":"1","kanriCode":38},"isAllowedUpdate":true,"createdAt":"Oct 30, 2017 11:19:00 AM","createdBy":"1","updatedAt":"Oct 30, 2017 11:19:00 AM","updatedBy":"1","version":0},"40":{"primaryKey":{"loginId":"1","kanriCode":40},"isAllowedUpdate":true,"createdAt":"Oct 30, 2017 11:19:00 AM","createdBy":"1","updatedAt":"Oct 30, 2017 11:19:00 AM","updatedBy":"1","version":0},"42":{"primaryKey":{"loginId":"1","kanriCode":42},"isAllowedUpdate":true,"createdAt":"Oct 30, 2017 11:19:00 AM","createdBy":"1","updatedAt":"Oct 30, 2017 11:19:00 AM","updatedBy":"1","version":0},"10":{"primaryKey":{"loginId":"1","kanriCode":10},"isAllowedUpdate":true,"createdAt":"Oct 30, 2017 11:19:00 AM","createdBy":"1","updatedAt":"Oct 30, 2017 11:19:00 AM","updatedBy":"1","version":0},"44":{"primaryKey":{"loginId":"1","kanriCode":44},"isAllowedUpdate":true,"createdAt":"Oct 30, 2017 11:19:00 AM","createdBy":"1","updatedAt":"Oct 30, 2017 11:19:00 AM","updatedBy":"1","version":0},"14":{"primaryKey":{"loginId":"1","kanriCode":14},"isAllowedUpdate":true,"createdAt":"Oct 30, 2017 11:19:00 AM","createdBy":"1","updatedAt":"Oct 30, 2017 11:19:00 AM","updatedBy":"1","version":0},"50":{"primaryKey":{"loginId":"1","kanriCode":50},"isAllowedUpdate":true,"createdAt":"Oct 30, 2017 11:19:00 AM","createdBy":"1","updatedAt":"Oct 30, 2017 11:19:00 AM","updatedBy":"1","version":0},"52":{"primaryKey":{"loginId":"1","kanriCode":52},"isAllowedUpdate":true,"createdAt":"Oct 30, 2017 11:19:00 AM","createdBy":"1","updatedAt":"Oct 30, 2017 11:19:00 AM","updatedBy":"1","version":0},"20":{"primaryKey":{"loginId":"1","kanriCode":20},"isAllowedUpdate":true,"createdAt":"Oct 30, 2017 11:19:00 AM","createdBy":"1","updatedAt":"Oct 30, 2017 11:19:00 AM","updatedBy":"1","version":0},"54":{"primaryKey":{"loginId":"1","kanriCode":54},"isAllowedUpdate":true,"createdAt":"Oct 30, 2017 11:19:00 AM","createdBy":"1","updatedAt":"Oct 30, 2017 11:19:00 AM","updatedBy":"1","version":0},"22":{"primaryKey":{"loginId":"1","kanriCode":22},"isAllowedUpdate":true,"createdAt":"Oct 30, 2017 11:19:00 AM","createdBy":"1","updatedAt":"Oct 30, 2017 11:19:00 AM","updatedBy":"1","version":0},"24":{"primaryKey":{"loginId":"1","kanriCode":24},"isAllowedUpdate":true,"createdAt":"Oct 30, 2017 11:19:00 AM","createdBy":"1","updatedAt":"Oct 30, 2017 11:19:00 AM","updatedBy":"1","version":0},"26":{"primaryKey":{"loginId":"1","kanriCode":26},"isAllowedUpdate":true,"createdAt":"Oct 30, 2017 11:19:00 AM","createdBy":"1","updatedAt":"Oct 30, 2017 11:19:00 AM","updatedBy":"1","version":0},"91":{"primaryKey":{"loginId":"1","kanriCode":91},"isAllowedUpdate":true,"createdAt":"Oct 30, 2017 11:19:00 AM","createdBy":"1","updatedAt":"Oct 30, 2017 11:19:00 AM","updatedBy":"1","version":0},"92":{"primaryKey":{"loginId":"1","kanriCode":92},"isAllowedUpdate":true,"createdAt":"Oct 30, 2017 11:19:00 AM","createdBy":"1","updatedAt":"Oct 30, 2017 11:19:00 AM","updatedBy":"1","version":0},"60":{"primaryKey":{"loginId":"1","kanriCode":60},"isAllowedUpdate":true,"createdAt":"Oct 30, 2017 11:19:00 AM","createdBy":"1","updatedAt":"Oct 30, 2017 11:19:00 AM","updatedBy":"1","version":0},"28":{"primaryKey":{"loginId":"1","kanriCode":28},"isAllowedUpdate":true,"createdAt":"Oct 30, 2017 11:19:00 AM","createdBy":"1","updatedAt":"Oct 30, 2017 11:19:00 AM","updatedBy":"1","version":0},"30":{"primaryKey":{"loginId":"1","kanriCode":30},"isAllowedUpdate":true,"createdAt":"Oct 30, 2017 11:19:00 AM","createdBy":"1","updatedAt":"Oct 30, 2017 11:19:00 AM","updatedBy":"1","version":0}}
