[[[{"year":2018,"month":5,"day":27},{"year":2018,"month":5,"day":28},{"year":2018,"month":5,"day":29},{"year":2018,"month":5,"day":30},{"year":2018,"month":5,"day":31},{"year":2018,"month":6,"day":1},{"year":2018,"month":6,"day":2}],[{"year":2018,"month":6,"day":3},{"year":2018,"month":6,"day":4},{"year":2018,"month":6,"day":5},{"year":2018,"month":6,"day":6},{"year":2018,"month":6,"day":7},{"year":2018,"month":6,"day":8},{"year":2018,"month":6,"day":9}],[{"year":2018,"month":6,"day":10},{"year":2018,"month":6,"day":11},{"year":2018,"month":6,"day":12},{"year":2018,"month":6,"day":13},{"year":2018,"month":6,"day":14},{"year":2018,"month":6,"day":15},{"year":2018,"month":6,"day":16}],[{"year":2018,"month":6,"day":17},{"year":2018,"month":6,"day":18},{"year":2018,"month":6,"day":19},{"year":2018,"month":6,"day":20},{"year":2018,"month":6,"day":21},{"year":2018,"month":6,"day":22},{"year":2018,"month":6,"day":23}],[{"year":2018,"month":6,"day":24},{"year":2018,"month":6,"day":25},{"year":2018,"month":6,"day":26},{"year":2018,"month":6,"day":27},{"year":2018,"month":6,"day":28},{"year":2018,"month":6,"day":29},{"year":2018,"month":6,"day":30}]],[[{"year":2018,"month":4,"day":1},{"year":2018,"month":4,"day":2},{"year":2018,"month":4,"day":3},{"year":2018,"month":4,"day":4},{"year":2018,"month":4,"day":5},{"year":2018,"month":4,"day":6},{"year":2018,"month":4,"day":7}],[{"year":2018,"month":4,"day":8},{"year":2018,"month":4,"day":9},{"year":2018,"month":4,"day":10},{"year":2018,"month":4,"day":11},{"year":2018,"month":4,"day":12},{"year":2018,"month":4,"day":13},{"year":2018,"month":4,"day":14}],[{"year":2018,"month":4,"day":15},{"year":2018,"month":4,"day":16},{"year":2018,"month":4,"day":17},{"year":2018,"month":4,"day":18},{"year":2018,"month":4,"day":19},{"year":2018,"month":4,"day":20},{"year":2018,"month":4,"day":21}],[{"year":2018,"month":4,"day":22},{"year":2018,"month":4,"day":23},{"year":2018,"month":4,"day":24},{"year":2018,"month":4,"day":25},{"year":2018,"month":4,"day":26},{"year":2018,"month":4,"day":27},{"year":2018,"month":4,"day":28}],[{"year":2018,"month":4,"day":29},{"year":2018,"month":4,"day":30},{"year":2018,"month":5,"day":1},{"year":2018,"month":5,"day":2},{"year":2018,"month":5,"day":3},{"year":2018,"month":5,"day":4},{"year":2018,"month":5,"day":5}]],[[{"year":2018,"month":7,"day":1},{"year":2018,"month":7,"day":2},{"year":2018,"month":7,"day":3},{"year":2018,"month":7,"day":4},{"year":2018,"month":7,"day":5},{"year":2018,"month":7,"day":6},{"year":2018,"month":7,"day":7}],[{"year":2018,"month":7,"day":8},{"year":2018,"month":7,"day":9},{"year":2018,"month":7,"day":10},{"year":2018,"month":7,"day":11},{"year":2018,"month":7,"day":12},{"year":2018,"month":7,"day":13},{"year":2018,"month":7,"day":14}],[{"year":2018,"month":7,"day":15},{"year":2018,"month":7,"day":16},{"year":2018,"month":7,"day":17},{"year":2018,"month":7,"day":18},{"year":2018,"month":7,"day":19},{"year":2018,"month":7,"day":20},{"year":2018,"month":7,"day":21}],[{"year":2018,"month":7,"day":22},{"year":2018,"month":7,"day":23},{"year":2018,"month":7,"day":24},{"year":2018,"month":7,"day":25},{"year":2018,"month":7,"day":26},{"year":2018,"month":7,"day":27},{"year":2018,"month":7,"day":28}],[{"year":2018,"month":7,"day":29},{"year":2018,"month":7,"day":30},{"year":2018,"month":7,"day":31},{"year":2018,"month":8,"day":1},{"year":2018,"month":8,"day":2},{"year":2018,"month":8,"day":3},{"year":2018,"month":8,"day":4}]]]
