[[{"kyukanCalList":[{"rowIdx":0,"colIdx":0,"dayNum":25,"date":{"year":2018,"month":6,"day":25},"isOtherMonth":false,"isYoyakuUmu":false,"isKyukan":true},{"rowIdx":0,"colIdx":1,"dayNum":1,"date":{"year":2018,"month":5,"day":1},"isOtherMonth":true,"isYoyakuUmu":true,"isKyukan":false},{"rowIdx":0,"colIdx":2,"dayNum":1,"date":{"year":2018,"month":4,"day":1},"isOtherMonth":true,"isYoyakuUmu":false,"isKyukan":false}]},{"kyukanCalList":[{"rowIdx":1,"colIdx":0,"dayNum":25,"date":{"year":2018,"month":6,"day":25},"isOtherMonth":false,"isYoyakuUmu":false,"isKyukan":true},{"rowIdx":1,"colIdx":1,"dayNum":1,"date":{"year":2018,"month":5,"day":1},"isOtherMonth":true,"isYoyakuUmu":true,"isKyukan":false},{"rowIdx":1,"colIdx":2,"dayNum":1,"date":{"year":2018,"month":4,"day":1},"isOtherMonth":true,"isYoyakuUmu":false,"isKyukan":false}]},{"kyukanCalList":[{"rowIdx":2,"colIdx":0,"dayNum":25,"date":{"year":2018,"month":6,"day":25},"isOtherMonth":false,"isYoyakuUmu":false,"isKyukan":true},{"rowIdx":2,"colIdx":1,"dayNum":1,"date":{"year":2018,"month":5,"day":1},"isOtherMonth":true,"isYoyakuUmu":true,"isKyukan":false},{"rowIdx":2,"colIdx":2,"dayNum":1,"date":{"year":2018,"month":4,"day":1},"isOtherMonth":true,"isYoyakuUmu":false,"isKyukan":false}]}]]
