[{"20":{"60":[{"primaryKey":{"kanriCode":20,"shisetsuCode":10},"shisetsuName":"多目ホール","shisetsuChohyoName":"多目的ホール","uketsukeStartDate":"Apr 1, 2010 12:00:00 AM","uketsukeEndDate":"Apr 1, 2020 12:00:00 AM","shiyoStartDate":"Apr 1, 2010 12:00:00 AM","shiyoEndDate":"Apr 1, 2020 12:00:00 AM","bashoCode":60,"kashidashiGroupCode":201,"teiinsu":20,"ryokinKeisanKijunDate":"1","ryoshuYoteiDateKeisu":0,"ryoshuYoteiDateTani":"2","maebaraiKingakuWariai":0,"kuriageEnchoTaniJikan":30,"kuriageEnchoKirisuteJikan":0,"shisetsuKashidashiHoshiki":"0","mensuHyojiTani":"面","yoyakuShurui":"1","isAllowedZengoKomaShiyo":true,"isHeiyoRiyo":false,"koenJikanCode":1,"tokeisakuseiWeight":1,"createdAt":"Oct 31, 2017 9:42:00 AM","createdBy":"8000","updatedAt":"Oct 31, 2017 9:42:00 AM","updatedBy":"8000","version":0},{"primaryKey":{"kanriCode":20,"shisetsuCode":20},"shisetsuName":"保育室","shisetsuChohyoName":"保育室","uketsukeStartDate":"Apr 1, 2010 12:00:00 AM","uketsukeEndDate":"Apr 1, 2020 12:00:00 AM","shiyoStartDate":"Apr 1, 2010 12:00:00 AM","shiyoEndDate":"Apr 1, 2020 12:00:00 AM","bashoCode":60,"kashidashiGroupCode":202,"teiinsu":20,"ryokinKeisanKijunDate":"1","ryoshuYoteiDateKeisu":0,"ryoshuYoteiDateTani":"2","maebaraiKingakuWariai":0,"kuriageEnchoTaniJikan":30,"kuriageEnchoKirisuteJikan":0,"shisetsuKashidashiHoshiki":"0","mensuHyojiTani":"面","yoyakuShurui":"1","isAllowedZengoKomaShiyo":true,"isHeiyoRiyo":false,"koenJikanCode":1,"tokeisakuseiWeight":1,"createdAt":"Oct 31, 2017 9:42:00 AM","createdBy":"8000","updatedAt":"Oct 31, 2017 9:42:00 AM","updatedBy":"8000","version":0},{"primaryKey":{"kanriCode":20,"shisetsuCode":30},"shisetsuName":"集会室","shisetsuChohyoName":"集会室","uketsukeStartDate":"Apr 1, 2010 12:00:00 AM","uketsukeEndDate":"Apr 1, 2020 12:00:00 AM","shiyoStartDate":"Apr 1, 2010 12:00:00 AM","shiyoEndDate":"Apr 1, 2020 12:00:00 AM","bashoCode":60,"kashidashiGroupCode":202,"teiinsu":20,"ryokinKeisanKijunDate":"1","ryoshuYoteiDateKeisu":0,"ryoshuYoteiDateTani":"2","maebaraiKingakuWariai":0,"kuriageEnchoTaniJikan":30,"kuriageEnchoKirisuteJikan":0,"shisetsuKashidashiHoshiki":"1","mensuHyojiTani":"面","yoyakuShurui":"1","isAllowedZengoKomaShiyo":true,"isHeiyoRiyo":false,"koenJikanCode":1,"tokeisakuseiWeight":1,"createdAt":"Oct 31, 2017 9:42:00 AM","createdBy":"8000","updatedAt":"Oct 31, 2017 9:42:00 AM","updatedBy":"8000","version":0},{"primaryKey":{"kanriCode":20,"shisetsuCode":40},"shisetsuName":"音楽室","shisetsuChohyoName":"音楽室","uketsukeStartDate":"Apr 1, 2010 12:00:00 AM","uketsukeEndDate":"Apr 1, 2020 12:00:00 AM","shiyoStartDate":"Apr 1, 2010 12:00:00 AM","shiyoEndDate":"Apr 1, 2020 12:00:00 AM","bashoCode":60,"kashidashiGroupCode":202,"teiinsu":20,"ryokinKeisanKijunDate":"1","ryoshuYoteiDateKeisu":0,"ryoshuYoteiDateTani":"2","maebaraiKingakuWariai":0,"kuriageEnchoTaniJikan":30,"kuriageEnchoKirisuteJikan":0,"shisetsuKashidashiHoshiki":"0","mensuHyojiTani":"面","yoyakuShurui":"1","isAllowedZengoKomaShiyo":true,"isHeiyoRiyo":false,"koenJikanCode":1,"tokeisakuseiWeight":1,"createdAt":"Oct 31, 2017 9:42:00 AM","createdBy":"8000","updatedAt":"Oct 31, 2017 9:42:00 AM","updatedBy":"8000","version":0}]},"10":{"10":[{"primaryKey":{"kanriCode":10,"shisetsuCode":10},"shisetsuName":"会議室","shisetsuChohyoName":"会議室","uketsukeStartDate":"Apr 1, 2010 12:00:00 AM","uketsukeEndDate":"Apr 1, 2020 12:00:00 AM","shiyoStartDate":"Apr 1, 2010 12:00:00 AM","shiyoEndDate":"Apr 1, 2020 12:00:00 AM","bashoCode":10,"kashidashiGroupCode":112,"teiinsu":20,"ryokinKeisanKijunDate":"1","ryoshuYoteiDateKeisu":0,"ryoshuYoteiDateTani":"2","maebaraiKingakuWariai":0,"kuriageEnchoTaniJikan":30,"kuriageEnchoKirisuteJikan":0,"shisetsuKashidashiHoshiki":"1","mensuHyojiTani":"面","yoyakuShurui":"1","isAllowedZengoKomaShiyo":true,"isHeiyoRiyo":false,"koenJikanCode":1,"tokeisakuseiWeight":1,"createdAt":"Oct 31, 2017 9:42:00 AM","createdBy":"8000","updatedAt":"Oct 31, 2017 9:42:00 AM","updatedBy":"8000","version":0},{"primaryKey":{"kanriCode":10,"shisetsuCode":20},"shisetsuName":"教室","shisetsuChohyoName":"教室","uketsukeStartDate":"Apr 1, 2010 12:00:00 AM","uketsukeEndDate":"Apr 1, 2020 12:00:00 AM","shiyoStartDate":"Apr 1, 2010 12:00:00 AM","shiyoEndDate":"Apr 1, 2020 12:00:00 AM","bashoCode":10,"kashidashiGroupCode":112,"teiinsu":20,"ryokinKeisanKijunDate":"1","ryoshuYoteiDateKeisu":0,"ryoshuYoteiDateTani":"2","maebaraiKingakuWariai":0,"kuriageEnchoTaniJikan":30,"kuriageEnchoKirisuteJikan":0,"shisetsuKashidashiHoshiki":"1","mensuHyojiTani":"面","yoyakuShurui":"1","isAllowedZengoKomaShiyo":true,"isHeiyoRiyo":false,"koenJikanCode":1,"tokeisakuseiWeight":1,"createdAt":"Oct 31, 2017 9:42:00 AM","createdBy":"8000","updatedAt":"Oct 31, 2017 9:42:00 AM","updatedBy":"8000","version":0},{"primaryKey":{"kanriCode":10,"shisetsuCode":30},"shisetsuName":"和室","shisetsuChohyoName":"和室","uketsukeStartDate":"Apr 1, 2010 12:00:00 AM","uketsukeEndDate":"Apr 1, 2020 12:00:00 AM","shiyoStartDate":"Apr 1, 2010 12:00:00 AM","shiyoEndDate":"Apr 1, 2020 12:00:00 AM","bashoCode":10,"kashidashiGroupCode":112,"teiinsu":20,"ryokinKeisanKijunDate":"1","ryoshuYoteiDateKeisu":0,"ryoshuYoteiDateTani":"2","maebaraiKingakuWariai":0,"kuriageEnchoTaniJikan":30,"kuriageEnchoKirisuteJikan":0,"shisetsuKashidashiHoshiki":"1","mensuHyojiTani":"面","yoyakuShurui":"1","isAllowedZengoKomaShiyo":true,"isHeiyoRiyo":false,"koenJikanCode":1,"tokeisakuseiWeight":1,"createdAt":"Oct 31, 2017 9:42:00 AM","createdBy":"8000","updatedAt":"Oct 31, 2017 9:42:00 AM","updatedBy":"8000","version":0},{"primaryKey":{"kanriCode":10,"shisetsuCode":40},"shisetsuName":"調理実習室","shisetsuChohyoName":"調理実習室","uketsukeStartDate":"Apr 1, 2010 12:00:00 AM","uketsukeEndDate":"Apr 1, 2020 12:00:00 AM","shiyoStartDate":"Apr 1, 2010 12:00:00 AM","shiyoEndDate":"Apr 1, 2020 12:00:00 AM","bashoCode":10,"kashidashiGroupCode":103,"teiinsu":20,"ryokinKeisanKijunDate":"1","ryoshuYoteiDateKeisu":0,"ryoshuYoteiDateTani":"2","maebaraiKingakuWariai":0,"kuriageEnchoTaniJikan":30,"kuriageEnchoKirisuteJikan":0,"shisetsuKashidashiHoshiki":"0","mensuHyojiTani":"面","yoyakuShurui":"1","isAllowedZengoKomaShiyo":true,"isHeiyoRiyo":false,"koenJikanCode":1,"tokeisakuseiWeight":1,"createdAt":"Oct 31, 2017 9:42:00 AM","createdBy":"8000","updatedAt":"Oct 31, 2017 9:42:00 AM","updatedBy":"8000","version":0},{"primaryKey":{"kanriCode":10,"shisetsuCode":50},"shisetsuName":"美術工芸室","shisetsuChohyoName":"美術工芸室","uketsukeStartDate":"Apr 1, 2010 12:00:00 AM","uketsukeEndDate":"Apr 1, 2020 12:00:00 AM","shiyoStartDate":"Apr 1, 2010 12:00:00 AM","shiyoEndDate":"Apr 1, 2020 12:00:00 AM","bashoCode":10,"kashidashiGroupCode":112,"teiinsu":20,"ryokinKeisanKijunDate":"1","ryoshuYoteiDateKeisu":0,"ryoshuYoteiDateTani":"2","maebaraiKingakuWariai":0,"kuriageEnchoTaniJikan":30,"kuriageEnchoKirisuteJikan":0,"shisetsuKashidashiHoshiki":"0","mensuHyojiTani":"面","yoyakuShurui":"1","isAllowedZengoKomaShiyo":true,"isHeiyoRiyo":false,"koenJikanCode":1,"tokeisakuseiWeight":1,"createdAt":"Oct 31, 2017 9:42:00 AM","createdBy":"8000","updatedAt":"Oct 31, 2017 9:42:00 AM","updatedBy":"8000","version":0},{"primaryKey":{"kanriCode":10,"shisetsuCode":60},"shisetsuName":"視聴覚室","shisetsuChohyoName":"視聴覚室","uketsukeStartDate":"Apr 1, 2010 12:00:00 AM","uketsukeEndDate":"Apr 1, 2020 12:00:00 AM","shiyoStartDate":"Apr 1, 2010 12:00:00 AM","shiyoEndDate":"Apr 1, 2020 12:00:00 AM","bashoCode":10,"kashidashiGroupCode":112,"teiinsu":20,"ryokinKeisanKijunDate":"1","ryoshuYoteiDateKeisu":0,"ryoshuYoteiDateTani":"2","maebaraiKingakuWariai":0,"kuriageEnchoTaniJikan":30,"kuriageEnchoKirisuteJikan":0,"shisetsuKashidashiHoshiki":"0","mensuHyojiTani":"面","yoyakuShurui":"1","isAllowedZengoKomaShiyo":true,"isHeiyoRiyo":false,"koenJikanCode":1,"tokeisakuseiWeight":1,"createdAt":"Oct 31, 2017 9:42:00 AM","createdBy":"8000","updatedAt":"Oct 31, 2017 9:42:00 AM","updatedBy":"8000","version":0},{"primaryKey":{"kanriCode":10,"shisetsuCode":70},"shisetsuName":"陶芸室","shisetsuChohyoName":"陶芸室","uketsukeStartDate":"Apr 1, 2010 12:00:00 AM","uketsukeEndDate":"Apr 1, 2020 12:00:00 AM","shiyoStartDate":"Apr 1, 2010 12:00:00 AM","shiyoEndDate":"Apr 1, 2020 12:00:00 AM","bashoCode":10,"kashidashiGroupCode":101,"teiinsu":20,"ryokinKeisanKijunDate":"1","ryoshuYoteiDateKeisu":0,"ryoshuYoteiDateTani":"2","maebaraiKingakuWariai":0,"kuriageEnchoTaniJikan":30,"kuriageEnchoKirisuteJikan":0,"shisetsuKashidashiHoshiki":"0","mensuHyojiTani":"面","yoyakuShurui":"1","isAllowedZengoKomaShiyo":true,"isHeiyoRiyo":false,"koenJikanCode":1,"tokeisakuseiWeight":1,"createdAt":"Oct 31, 2017 9:42:00 AM","createdBy":"8000","updatedAt":"Oct 31, 2017 9:42:00 AM","updatedBy":"8000","version":0},{"primaryKey":{"kanriCode":10,"shisetsuCode":80},"shisetsuName":"保育室","shisetsuChohyoName":"保育室","uketsukeStartDate":"Apr 1, 2010 12:00:00 AM","uketsukeEndDate":"Apr 1, 2020 12:00:00 AM","shiyoStartDate":"Apr 1, 2010 12:00:00 AM","shiyoEndDate":"Apr 1, 2020 12:00:00 AM","bashoCode":10,"kashidashiGroupCode":112,"teiinsu":20,"ryokinKeisanKijunDate":"1","ryoshuYoteiDateKeisu":0,"ryoshuYoteiDateTani":"2","maebaraiKingakuWariai":0,"kuriageEnchoTaniJikan":30,"kuriageEnchoKirisuteJikan":0,"shisetsuKashidashiHoshiki":"0","mensuHyojiTani":"面","yoyakuShurui":"1","isAllowedZengoKomaShiyo":true,"isHeiyoRiyo":false,"koenJikanCode":1,"tokeisakuseiWeight":1,"createdAt":"Oct 31, 2017 9:42:00 AM","createdBy":"8000","updatedAt":"Oct 31, 2017 9:42:00 AM","updatedBy":"8000","version":0},{"primaryKey":{"kanriCode":10,"shisetsuCode":90},"shisetsuName":"ホール","shisetsuChohyoName":"ホール","uketsukeStartDate":"Apr 1, 2010 12:00:00 AM","uketsukeEndDate":"Apr 1, 2020 12:00:00 AM","shiyoStartDate":"Apr 1, 2010 12:00:00 AM","shiyoEndDate":"Apr 1, 2020 12:00:00 AM","bashoCode":10,"kashidashiGroupCode":101,"teiinsu":20,"ryokinKeisanKijunDate":"1","ryoshuYoteiDateKeisu":0,"ryoshuYoteiDateTani":"2","maebaraiKingakuWariai":0,"kuriageEnchoTaniJikan":30,"kuriageEnchoKirisuteJikan":0,"shisetsuKashidashiHoshiki":"0","mensuHyojiTani":"面","yoyakuShurui":"1","isAllowedZengoKomaShiyo":true,"isHeiyoRiyo":false,"koenJikanCode":1,"tokeisakuseiWeight":1,"createdAt":"Oct 31, 2017 9:42:00 AM","createdBy":"8000","updatedAt":"Oct 31, 2017 9:42:00 AM","updatedBy":"8000","version":0}]},"14":{"30":[{"primaryKey":{"kanriCode":14,"shisetsuCode":10},"shisetsuName":"レクホール","shisetsuChohyoName":"レクリエーションホール","uketsukeStartDate":"Apr 1, 2010 12:00:00 AM","uketsukeEndDate":"Apr 1, 2020 12:00:00 AM","shiyoStartDate":"Apr 1, 2010 12:00:00 AM","shiyoEndDate":"Apr 1, 2020 12:00:00 AM","bashoCode":30,"kashidashiGroupCode":141,"teiinsu":20,"ryokinKeisanKijunDate":"1","ryoshuYoteiDateKeisu":0,"ryoshuYoteiDateTani":"2","maebaraiKingakuWariai":0,"kuriageEnchoTaniJikan":30,"kuriageEnchoKirisuteJikan":0,"shisetsuKashidashiHoshiki":"1","mensuHyojiTani":"面","yoyakuShurui":"1","isAllowedZengoKomaShiyo":true,"isHeiyoRiyo":false,"koenJikanCode":1,"tokeisakuseiWeight":1,"createdAt":"Oct 31, 2017 9:42:00 AM","createdBy":"8000","updatedAt":"Oct 31, 2017 9:42:00 AM","updatedBy":"8000","version":0},{"primaryKey":{"kanriCode":14,"shisetsuCode":20},"shisetsuName":"多目的室","shisetsuChohyoName":"多目的室","uketsukeStartDate":"Apr 1, 2010 12:00:00 AM","uketsukeEndDate":"Apr 1, 2020 12:00:00 AM","shiyoStartDate":"Apr 1, 2010 12:00:00 AM","shiyoEndDate":"Apr 1, 2020 12:00:00 AM","bashoCode":30,"kashidashiGroupCode":110,"teiinsu":20,"ryokinKeisanKijunDate":"1","ryoshuYoteiDateKeisu":0,"ryoshuYoteiDateTani":"2","maebaraiKingakuWariai":0,"kuriageEnchoTaniJikan":30,"kuriageEnchoKirisuteJikan":0,"shisetsuKashidashiHoshiki":"0","mensuHyojiTani":"面","yoyakuShurui":"1","isAllowedZengoKomaShiyo":true,"isHeiyoRiyo":false,"koenJikanCode":1,"tokeisakuseiWeight":1,"createdAt":"Oct 31, 2017 9:42:00 AM","createdBy":"8000","updatedAt":"Oct 31, 2017 9:42:00 AM","updatedBy":"8000","version":0},{"primaryKey":{"kanriCode":14,"shisetsuCode":30},"shisetsuName":"教室","shisetsuChohyoName":"教室","uketsukeStartDate":"Apr 1, 2010 12:00:00 AM","uketsukeEndDate":"Apr 1, 2020 12:00:00 AM","shiyoStartDate":"Apr 1, 2010 12:00:00 AM","shiyoEndDate":"Apr 1, 2020 12:00:00 AM","bashoCode":30,"kashidashiGroupCode":110,"teiinsu":20,"ryokinKeisanKijunDate":"1","ryoshuYoteiDateKeisu":0,"ryoshuYoteiDateTani":"2","maebaraiKingakuWariai":0,"kuriageEnchoTaniJikan":30,"kuriageEnchoKirisuteJikan":0,"shisetsuKashidashiHoshiki":"0","mensuHyojiTani":"面","yoyakuShurui":"1","isAllowedZengoKomaShiyo":true,"isHeiyoRiyo":false,"koenJikanCode":1,"tokeisakuseiWeight":1,"createdAt":"Oct 31, 2017 9:42:00 AM","createdBy":"8000","updatedAt":"Oct 31, 2017 9:42:00 AM","updatedBy":"8000","version":0},{"primaryKey":{"kanriCode":14,"shisetsuCode":40},"shisetsuName":"実習室","shisetsuChohyoName":"実習室","uketsukeStartDate":"Apr 1, 2010 12:00:00 AM","uketsukeEndDate":"Apr 1, 2020 12:00:00 AM","shiyoStartDate":"Apr 1, 2010 12:00:00 AM","shiyoEndDate":"Apr 1, 2020 12:00:00 AM","bashoCode":30,"kashidashiGroupCode":110,"teiinsu":20,"ryokinKeisanKijunDate":"1","ryoshuYoteiDateKeisu":0,"ryoshuYoteiDateTani":"2","maebaraiKingakuWariai":0,"kuriageEnchoTaniJikan":30,"kuriageEnchoKirisuteJikan":0,"shisetsuKashidashiHoshiki":"0","mensuHyojiTani":"面","yoyakuShurui":"1","isAllowedZengoKomaShiyo":true,"isHeiyoRiyo":false,"koenJikanCode":1,"tokeisakuseiWeight":1,"createdAt":"Oct 31, 2017 9:42:00 AM","createdBy":"8000","updatedAt":"Oct 31, 2017 9:42:00 AM","updatedBy":"8000","version":0},{"primaryKey":{"kanriCode":14,"shisetsuCode":50},"shisetsuName":"和室","shisetsuChohyoName":"和室","uketsukeStartDate":"Apr 1, 2010 12:00:00 AM","uketsukeEndDate":"Apr 1, 2020 12:00:00 AM","shiyoStartDate":"Apr 1, 2010 12:00:00 AM","shiyoEndDate":"Apr 1, 2020 12:00:00 AM","bashoCode":30,"kashidashiGroupCode":110,"teiinsu":20,"ryokinKeisanKijunDate":"1","ryoshuYoteiDateKeisu":0,"ryoshuYoteiDateTani":"2","maebaraiKingakuWariai":0,"kuriageEnchoTaniJikan":30,"kuriageEnchoKirisuteJikan":0,"shisetsuKashidashiHoshiki":"0","mensuHyojiTani":"面","yoyakuShurui":"1","isAllowedZengoKomaShiyo":true,"isHeiyoRiyo":false,"koenJikanCode":1,"tokeisakuseiWeight":1,"createdAt":"Oct 31, 2017 9:42:00 AM","createdBy":"8000","updatedAt":"Oct 31, 2017 9:42:00 AM","updatedBy":"8000","version":0},{"primaryKey":{"kanriCode":14,"shisetsuCode":60},"shisetsuName":"第一会議室","shisetsuChohyoName":"第一会議室","uketsukeStartDate":"Apr 1, 2010 12:00:00 AM","uketsukeEndDate":"Apr 1, 2020 12:00:00 AM","shiyoStartDate":"Apr 1, 2010 12:00:00 AM","shiyoEndDate":"Apr 1, 2020 12:00:00 AM","bashoCode":30,"kashidashiGroupCode":110,"teiinsu":20,"ryokinKeisanKijunDate":"1","ryoshuYoteiDateKeisu":0,"ryoshuYoteiDateTani":"2","maebaraiKingakuWariai":0,"kuriageEnchoTaniJikan":30,"kuriageEnchoKirisuteJikan":0,"shisetsuKashidashiHoshiki":"0","mensuHyojiTani":"面","yoyakuShurui":"1","isAllowedZengoKomaShiyo":true,"isHeiyoRiyo":false,"koenJikanCode":1,"tokeisakuseiWeight":1,"createdAt":"Oct 31, 2017 9:42:00 AM","createdBy":"8000","updatedAt":"Oct 31, 2017 9:42:00 AM","updatedBy":"8000","version":0},{"primaryKey":{"kanriCode":14,"shisetsuCode":70},"shisetsuName":"第二会議室","shisetsuChohyoName":"第二会議室","uketsukeStartDate":"Apr 1, 2010 12:00:00 AM","uketsukeEndDate":"Apr 1, 2020 12:00:00 AM","shiyoStartDate":"Apr 1, 2010 12:00:00 AM","shiyoEndDate":"Apr 1, 2020 12:00:00 AM","bashoCode":30,"kashidashiGroupCode":110,"teiinsu":20,"ryokinKeisanKijunDate":"1","ryoshuYoteiDateKeisu":0,"ryoshuYoteiDateTani":"2","maebaraiKingakuWariai":0,"kuriageEnchoTaniJikan":30,"kuriageEnchoKirisuteJikan":0,"shisetsuKashidashiHoshiki":"0","mensuHyojiTani":"面","yoyakuShurui":"1","isAllowedZengoKomaShiyo":true,"isHeiyoRiyo":false,"koenJikanCode":1,"tokeisakuseiWeight":1,"createdAt":"Oct 31, 2017 9:42:00 AM","createdBy":"8000","updatedAt":"Oct 31, 2017 9:42:00 AM","updatedBy":"8000","version":0},{"primaryKey":{"kanriCode":14,"shisetsuCode":80},"shisetsuName":"料理室","shisetsuChohyoName":"料理室","uketsukeStartDate":"Apr 1, 2010 12:00:00 AM","uketsukeEndDate":"Apr 1, 2020 12:00:00 AM","shiyoStartDate":"Apr 1, 2010 12:00:00 AM","shiyoEndDate":"Apr 1, 2020 12:00:00 AM","bashoCode":30,"kashidashiGroupCode":143,"teiinsu":20,"ryokinKeisanKijunDate":"1","ryoshuYoteiDateKeisu":0,"ryoshuYoteiDateTani":"2","maebaraiKingakuWariai":0,"kuriageEnchoTaniJikan":30,"kuriageEnchoKirisuteJikan":0,"shisetsuKashidashiHoshiki":"0","mensuHyojiTani":"面","yoyakuShurui":"1","isAllowedZengoKomaShiyo":true,"isHeiyoRiyo":false,"koenJikanCode":1,"tokeisakuseiWeight":1,"createdAt":"Oct 31, 2017 9:42:00 AM","createdBy":"8000","updatedAt":"Oct 31, 2017 9:42:00 AM","updatedBy":"8000","version":0}]}}]
