{"YOYAKU":[],"CHUSEN":[{"shinseiShurui":"0","loginId":"tnt","riyoshaGroupCode":1,"chusenGroupCode":1,"yusenJuni":1,"chusenKekka":"1","tosenShinseiJotai":"1","bashoName":"生涯学習センター","shisetsuName":"会議室","shisetsuKashidashiHoshiki":"1","mensuHyojiTani":"面","kashidashiTaniName":"１","shiyoMokutekiName":"合唱","setsubiUmu":"無","id":38229,"kanriCode":10,"shinseiNumber":773,"meisaiNumber":2,"meisaiKoshinKaisu":2,"meisaiJotai":"1","bashoCode":10,"shisetsuCode":10,"kashidashiTaniCode":0,"shiyoDate":"Jul 6, 2018 12:00:00 AM","yobiPattern":"0","startKoma":1,"endKoma":1,"startTime":900,"endTime":1000,"ryokinTaikeiCode":1,"shiyoMokutekiCode":1010,"shiyoNinzu":2,"gyoji1":"​2","gyoji2":"2","memo":"a","shinsaKubun":"1","shinsaRiyuCode":1,"uketsukeDate":"Jul 4, 2018 12:00:00 AM","uketsukeBashoCode":901,"isUsed":false,"createdAt":"Jul 4, 2018 1:13:38 PM","createdBy":"1-tnt","updatedAt":"Jul 4, 2018 1:41:57 PM","updatedBy":"1-tnt","version":3},{"shinseiShurui":"0","loginId":"tnt","riyoshaGroupCode":1,"chusenGroupCode":1,"yusenJuni":1,"chusenKekka":"1","tosenShinseiJotai":"1","bashoName":"生涯学習センター","shisetsuName":"会議室","shisetsuKashidashiHoshiki":"1","mensuHyojiTani":"面","kashidashiTaniName":"１","shiyoMokutekiName":"合唱","setsubiUmu":"無","id":38228,"kanriCode":10,"shinseiNumber":773,"meisaiNumber":1,"meisaiKoshinKaisu":1,"meisaiJotai":"2","bashoCode":10,"shisetsuCode":10,"kashidashiTaniCode":0,"shiyoDate":"Jul 5, 2018 12:00:00 AM","yobiPattern":"0","startKoma":1,"endKoma":1,"startTime":900,"endTime":1000,"ryokinTaikeiCode":1,"shiyoMokutekiCode":1010,"shiyoNinzu":1,"gyoji1":"​1","gyoji2":"1","memo":"a","shinsaKubun":"1","shinsaRiyuCode":1,"uketsukeDate":"Jul 4, 2018 12:00:00 AM","uketsukeBashoCode":901,"isUsed":false,"createdAt":"Jul 4, 2018 1:13:38 PM","createdBy":"1-tnt","updatedAt":"Jul 4, 2018 1:14:00 PM","updatedBy":"1-tnt","version":2}]}
