{"mKanriMap":{"10":{"kanriCode":10,"kanriName":"管理１０","kanriChohyoName":"管理正式名管理１０","isEnabledCancelRyokin":true,"isAllowedDojiSeisan":true,"ryoshuChoteiKijunDate":"0","isEnabledFurikomiiraisho":true,"isEnabledNofusho":true,"isEnabledKozahikiotoshi":true,"isEnabledMultipayment":true,"ryoshuHohoKiteichi":"1","kampuChoteiKijunDate":"0","isEnabledKampuFurikomi":true,"kampuHohoKiteichi":"1","ryoshuKampuHasushoriKetasu":"1","ryoshuKampuHasushoriHoho":"0","isEnabledJissekiJido":false,"raihoyoteiSanshutsuNissu":0,"raihoyoteiSanshutsuTani":"0","isEnabledKariSakujo":false,"kariSakujoPenaltyKasanchi":1,"isEnabledMudanKoshin":true,"mudancancelPenaltyKasanchi":0,"isEnabledFurikaeDoyo":true,"isEnabledFurikaeNichiyo":true,"isEnabledFurikaeShukujitsu":true,"isEnabledFurikaeKyukan":true,"ryoshuFurikaeHoshiki":"0","isEnabledUketsukeFurikae":true,"uketsukeFurikaeHoshiki":"0","fromAddress":"aa","jutoRiyoHani":"0","jutoYukoTsukisu":0,"ryokinTaikeiTekiyoHani":"0","kuriageEnchoSanshutsuHoshiki":"0","nyujoryokinSanshutsuKijun":"0","tojitsuShinseiKigenKeisu":0,"tojitsuShinseiKigenKijun":"0","createdAt":"Oct 30, 2017 11:19:00 AM","createdBy":"1","updatedAt":"Jun 29, 2018 4:55:35 PM","updatedBy":"0-3333","version":5}},"shinseiMeisaiDtos":[{"mShisetsu":{"primaryKey":{"kanriCode":10,"shisetsuCode":10},"shisetsuName":"会議室","shisetsuChohyoName":"会議室","uketsukeStartDate":"Apr 1, 2010 12:00:00 AM","uketsukeEndDate":"Apr 1, 2020 12:00:00 AM","shiyoStartDate":"Apr 1, 2010 12:00:00 AM","shiyoEndDate":"Apr 1, 2020 12:00:00 AM","bashoCode":10,"kashidashiGroupCode":112,"teiinsu":20,"ryokinKeisanKijunDate":"1","ryoshuYoteiDateKeisu":0,"ryoshuYoteiDateTani":"2","maebaraiKingakuWariai":0,"kuriageEnchoTaniJikan":30,"kuriageEnchoKirisuteJikan":0,"shisetsuKashidashiHoshiki":"1","mensuHyojiTani":"面","yoyakuShurui":"1","isAllowedZengoKomaShiyo":true,"isHeiyoRiyo":false,"koenJikanCode":1,"tokeisakuseiWeight":1,"createdAt":"Oct 31, 2017 9:42:00 AM","createdBy":"8000","updatedAt":"Oct 31, 2017 9:42:00 AM","updatedBy":"8000","version":0},"mKomaMap":{"1":{"primaryKey":{"komaPatternCode":112,"komaCode":1},"komaName":"koma1","startTime":900,"endTime":1000,"isAllowedTandokuKashidashi":true,"isDisplayedWeb":true,"isAllowedShinseiWeb":false,"komaGroupCode":1,"createdAt":"Oct 31, 2017 4:30:00 PM","createdBy":"8000","updatedAt":"Oct 31, 2017 4:30:00 PM","updatedBy":"8000","version":0},"2":{"primaryKey":{"komaPatternCode":112,"komaCode":2},"komaName":"koma1","startTime":1000,"endTime":1100,"isAllowedTandokuKashidashi":true,"isDisplayedWeb":true,"isAllowedShinseiWeb":true,"komaGroupCode":1,"createdAt":"Oct 31, 2017 4:30:00 PM","createdBy":"8000","updatedAt":"Oct 31, 2017 4:30:00 PM","updatedBy":"8000","version":0},"3":{"primaryKey":{"komaPatternCode":112,"komaCode":3},"komaName":"koma1","startTime":1100,"endTime":1200,"isAllowedTandokuKashidashi":true,"isDisplayedWeb":true,"isAllowedShinseiWeb":true,"komaGroupCode":1,"createdAt":"Oct 31, 2017 4:30:00 PM","createdBy":"8000","updatedAt":"Oct 31, 2017 4:30:00 PM","updatedBy":"8000","version":0},"4":{"primaryKey":{"komaPatternCode":112,"komaCode":4},"komaName":"koma1","startTime":1200,"endTime":1300,"isAllowedTandokuKashidashi":false,"isDisplayedWeb":false,"isAllowedShinseiWeb":true,"komaGroupCode":2,"createdAt":"Oct 31, 2017 4:30:00 PM","createdBy":"8000","updatedAt":"Oct 31, 2017 4:30:00 PM","updatedBy":"8000","version":0},"5":{"primaryKey":{"komaPatternCode":112,"komaCode":5},"komaName":"koma1","startTime":1300,"endTime":1400,"isAllowedTandokuKashidashi":true,"isDisplayedWeb":true,"isAllowedShinseiWeb":true,"komaGroupCode":3,"createdAt":"Oct 31, 2017 4:30:00 PM","createdBy":"8000","updatedAt":"Oct 31, 2017 4:30:00 PM","updatedBy":"8000","version":0},"6":{"primaryKey":{"komaPatternCode":112,"komaCode":6},"komaName":"koma1","startTime":1400,"endTime":1500,"isAllowedTandokuKashidashi":true,"isDisplayedWeb":true,"isAllowedShinseiWeb":true,"komaGroupCode":3,"createdAt":"Oct 31, 2017 4:30:00 PM","createdBy":"8000","updatedAt":"Oct 31, 2017 4:30:00 PM","updatedBy":"8000","version":0},"7":{"primaryKey":{"komaPatternCode":112,"komaCode":7},"komaName":"koma1","startTime":1500,"endTime":1600,"isAllowedTandokuKashidashi":true,"isDisplayedWeb":true,"isAllowedShinseiWeb":true,"komaGroupCode":3,"createdAt":"Oct 31, 2017 4:30:00 PM","createdBy":"8000","updatedAt":"Oct 31, 2017 4:30:00 PM","updatedBy":"8000","version":0},"8":{"primaryKey":{"komaPatternCode":112,"komaCode":8},"komaName":"koma1","startTime":1600,"endTime":1700,"isAllowedTandokuKashidashi":true,"isDisplayedWeb":true,"isAllowedShinseiWeb":true,"komaGroupCode":3,"createdAt":"Oct 31, 2017 4:30:00 PM","createdBy":"8000","updatedAt":"Oct 31, 2017 4:30:00 PM","updatedBy":"8000","version":0},"9":{"primaryKey":{"komaPatternCode":112,"komaCode":9},"komaName":"koma1","startTime":1700,"endTime":1800,"isAllowedTandokuKashidashi":false,"isDisplayedWeb":true,"isAllowedShinseiWeb":true,"komaGroupCode":4,"createdAt":"Oct 31, 2017 4:30:00 PM","createdBy":"8000","updatedAt":"Oct 31, 2017 4:30:00 PM","updatedBy":"8000","version":0},"10":{"primaryKey":{"komaPatternCode":112,"komaCode":10},"komaName":"koma1","startTime":1800,"endTime":1900,"isAllowedTandokuKashidashi":true,"isDisplayedWeb":true,"isAllowedShinseiWeb":true,"komaGroupCode":5,"createdAt":"Oct 31, 2017 4:30:00 PM","createdBy":"8000","updatedAt":"Oct 31, 2017 4:30:00 PM","updatedBy":"8000","version":0},"11":{"primaryKey":{"komaPatternCode":112,"komaCode":11},"komaName":"koma1","startTime":1900,"endTime":2000,"isAllowedTandokuKashidashi":true,"isDisplayedWeb":true,"isAllowedShinseiWeb":true,"komaGroupCode":5,"createdAt":"Oct 31, 2017 4:30:00 PM","createdBy":"8000","updatedAt":"Oct 31, 2017 4:30:00 PM","updatedBy":"8000","version":0},"12":{"primaryKey":{"komaPatternCode":112,"komaCode":12},"komaName":"koma1","startTime":2000,"endTime":2100,"isAllowedTandokuKashidashi":true,"isDisplayedWeb":true,"isAllowedShinseiWeb":true,"komaGroupCode":5,"createdAt":"Oct 31, 2017 4:30:00 PM","createdBy":"8000","updatedAt":"Oct 31, 2017 4:30:00 PM","updatedBy":"8000","version":0},"13":{"primaryKey":{"komaPatternCode":112,"komaCode":13},"komaName":"koma1","startTime":2100,"endTime":2130,"isAllowedTandokuKashidashi":true,"isDisplayedWeb":true,"isAllowedShinseiWeb":true,"komaGroupCode":5,"createdAt":"Oct 31, 2017 4:30:00 PM","createdBy":"8000","updatedAt":"Oct 31, 2017 4:30:00 PM","updatedBy":"8000","version":0}},"bashoName":"生涯学習センター","kashidashiTaniName":"１","shinseiShurui":"HONYOYAKU","reservableMKashidashiTanis":[],"mShiyoMokutekiList":[{"shiyoMokutekiCode":1010,"shiyoMokutekiName":"合唱","isDisplayedWeb":true,"createdAt":"Oct 31, 2017 9:42:00 AM","createdBy":"8000","updatedAt":"Oct 31, 2017 9:42:00 AM","updatedBy":"8000","version":0},{"shiyoMokutekiCode":1030,"shiyoMokutekiName":"器楽（音量小）","isDisplayedWeb":true,"createdAt":"Oct 31, 2017 9:42:00 AM","createdBy":"8000","updatedAt":"Oct 31, 2017 9:42:00 AM","updatedBy":"8000","version":0},{"shiyoMokutekiCode":1040,"shiyoMokutekiName":"詩吟・民謡","isDisplayedWeb":true,"createdAt":"Oct 31, 2017 9:42:00 AM","createdBy":"8000","updatedAt":"Oct 31, 2017 9:42:00 AM","updatedBy":"8000","version":0},{"shiyoMokutekiCode":1060,"shiyoMokutekiName":"会議・学習（一般）","isDisplayedWeb":true,"createdAt":"Oct 31, 2017 9:42:00 AM","createdBy":"8000","updatedAt":"Oct 31, 2017 9:42:00 AM","updatedBy":"8000","version":0},{"shiyoMokutekiCode":1080,"shiyoMokutekiName":"教育","isDisplayedWeb":true,"createdAt":"Oct 31, 2017 9:42:00 AM","createdBy":"8000","updatedAt":"Oct 31, 2017 9:42:00 AM","updatedBy":"8000","version":0},{"shiyoMokutekiCode":1110,"shiyoMokutekiName":"囲碁・将棋","isDisplayedWeb":true,"createdAt":"Oct 31, 2017 9:42:00 AM","createdBy":"8000","updatedAt":"Oct 31, 2017 9:42:00 AM","updatedBy":"8000","version":0},{"shiyoMokutekiCode":1120,"shiyoMokutekiName":"文芸","isDisplayedWeb":true,"createdAt":"Oct 31, 2017 9:42:00 AM","createdBy":"8000","updatedAt":"Oct 31, 2017 9:42:00 AM","updatedBy":"8000","version":0},{"shiyoMokutekiCode":1140,"shiyoMokutekiName":"工芸","isDisplayedWeb":true,"createdAt":"Oct 31, 2017 9:42:00 AM","createdBy":"8000","updatedAt":"Oct 31, 2017 9:42:00 AM","updatedBy":"8000","version":0},{"shiyoMokutekiCode":1160,"shiyoMokutekiName":"舞踊","isDisplayedWeb":true,"createdAt":"Oct 31, 2017 9:42:00 AM","createdBy":"8000","updatedAt":"Oct 31, 2017 9:42:00 AM","updatedBy":"8000","version":0},{"shiyoMokutekiCode":1180,"shiyoMokutekiName":"演劇（読み合わせ）","isDisplayedWeb":true,"createdAt":"Oct 31, 2017 9:42:00 AM","createdBy":"8000","updatedAt":"Oct 31, 2017 9:42:00 AM","updatedBy":"8000","version":0},{"shiyoMokutekiCode":1190,"shiyoMokutekiName":"洋和裁","isDisplayedWeb":true,"createdAt":"Oct 31, 2017 9:42:00 AM","createdBy":"8000","updatedAt":"Oct 31, 2017 9:42:00 AM","updatedBy":"8000","version":0},{"shiyoMokutekiCode":1210,"shiyoMokutekiName":"展示","isDisplayedWeb":true,"createdAt":"Oct 31, 2017 9:42:00 AM","createdBy":"8000","updatedAt":"Oct 31, 2017 9:42:00 AM","updatedBy":"8000","version":0},{"shiyoMokutekiCode":1240,"shiyoMokutekiName":"人形劇","isDisplayedWeb":true,"createdAt":"Oct 31, 2017 9:42:00 AM","createdBy":"8000","updatedAt":"Oct 31, 2017 9:42:00 AM","updatedBy":"8000","version":0},{"shiyoMokutekiCode":3140,"shiyoMokutekiName":"体操","isDisplayedWeb":true,"createdAt":"Oct 31, 2017 9:42:00 AM","createdBy":"8000","updatedAt":"Oct 31, 2017 9:42:00 AM","updatedBy":"8000","version":0},{"shiyoMokutekiCode":3190,"shiyoMokutekiName":"軽ダンス","isDisplayedWeb":true,"createdAt":"Oct 31, 2017 9:42:00 AM","createdBy":"8000","updatedAt":"Oct 31, 2017 9:42:00 AM","updatedBy":"8000","version":0}],"mShiyoMokuteki":{"shiyoMokutekiCode":1010,"shiyoMokutekiName":"合唱","isDisplayedWeb":true,"createdAt":"Oct 31, 2017 9:42:00 AM","createdBy":"8000","updatedAt":"Oct 31, 2017 9:42:00 AM","updatedBy":"8000","version":0},"isDeleted":false,"isAdded":false,"selectedShinsaKubun":"KYOKA","selectedShinsaRiyu":{"primaryKey":{"kanriCode":10,"shinsaRiyuCode":1},"shinsaRiyuName":"審査理由１","riyu":"1","createdAt":"Dec 8, 2017 3:17:39 PM","createdBy":"test","updatedAt":"Dec 8, 2017 3:17:44 PM","updatedBy":"test","version":0},"nyujoRyokinDtos":[],"nyujoRyokinKomaDtos":[],"rehearsalDtos":[],"koenTimeDtos":[],"komaCode":[],"ryokinDtoMap":{"SHISETSU":{"ryokinSanshutsuKomokuDtos":[],"primaryKey":{"id":38227,"ryokinKubun":"0"},"kihonRyokin":0,"kasangakuGokei":0,"gemmengakuGokei":0,"waribikigakuGokei":0,"hasuChoseigaku":0,"tenyuryokuChoseigaku":0,"ryokinGokei":0,"ryoshuGokei":0,"kampuGokei":0,"zenkaiShiyoRyokin":0,"miseisanCancelRyokinGokei":0,"createdAt":"Jul 4, 2018 1:13:38 PM","createdBy":"1-tnt","updatedAt":"Jul 4, 2018 1:13:38 PM","updatedBy":"1-tnt","version":1},"SETSUBI":{"ryokinSanshutsuKomokuDtos":[],"primaryKey":{"id":38227,"ryokinKubun":"1"},"kihonRyokin":500,"kasangakuGokei":0,"gemmengakuGokei":0,"waribikigakuGokei":0,"hasuChoseigaku":0,"tenyuryokuChoseigaku":0,"ryokinGokei":500,"ryoshuGokei":0,"kampuGokei":0,"zenkaiShiyoRyokin":0,"miseisanCancelRyokinGokei":0,"createdAt":"Jul 4, 2018 1:13:38 PM","createdBy":"1-tnt","updatedAt":"Jul 4, 2018 1:13:38 PM","updatedBy":"1-tnt","version":1}},"setsubiShinseiDtos":[],"id":38227,"kanriCode":10,"shinseiNumber":772,"meisaiNumber":1,"meisaiKoshinKaisu":0,"meisaiJotai":"0","bashoCode":10,"shisetsuCode":10,"kashidashiTaniCode":0,"shiyoDate":"Jul 5, 2018 12:00:00 AM","yobiPattern":"0","startKoma":1,"endKoma":1,"startTime":900,"endTime":1000,"ryokinTaikeiCode":1,"shiyoMokutekiCode":1010,"shiyoNinzu":1,"gyoji1":"1","gyoji2":"1","memo":"1","shinsaKubun":"1","shinsaRiyuCode":1,"uketsukeDate":"Jul 4, 2018 12:00:00 AM","uketsukeBashoCode":901,"isUsed":false,"createdAt":"Jul 4, 2018 9:24:29 AM","createdBy":"1-tnt","updatedAt":"Jul 4, 2018 9:24:29 AM","updatedBy":"1-tnt","version":1}],"shukeiDataMap":{"10":[{"shukeiName":"主催者地域別","shukeiKomokus":[{"primaryKey":{"kanriCode":10,"shukeiCode":1,"shukeiKomokuCode":1},"shukeiKomokuName":"市内在住","createdAt":"Apr 24, 2018 1:16:55 PM","createdBy":"0-hirata","updatedAt":"Apr 24, 2018 1:16:55 PM","updatedBy":"0-hirata","version":1},{"primaryKey":{"kanriCode":10,"shukeiCode":1,"shukeiKomokuCode":2},"shukeiKomokuName":"市内在勤","createdAt":"Apr 24, 2018 1:16:55 PM","createdBy":"0-hirata","updatedAt":"Apr 24, 2018 1:16:55 PM","updatedBy":"0-hirata","version":1},{"primaryKey":{"kanriCode":10,"shukeiCode":1,"shukeiKomokuCode":3},"shukeiKomokuName":"市内在学","createdAt":"Apr 24, 2018 1:16:55 PM","createdBy":"0-hirata","updatedAt":"Apr 24, 2018 1:16:55 PM","updatedBy":"0-hirata","version":1},{"primaryKey":{"kanriCode":10,"shukeiCode":1,"shukeiKomokuCode":4},"shukeiKomokuName":"市外","createdAt":"Apr 24, 2018 1:16:55 PM","createdBy":"0-hirata","updatedAt":"Apr 24, 2018 1:16:55 PM","updatedBy":"0-hirata","version":1}],"primaryKey":{"kanriCode":10,"shinseiNumber":772,"shukeiCode":1}},{"shukeiName":"使用内容別","shukeiKomokus":[{"primaryKey":{"kanriCode":10,"shukeiCode":2,"shukeiKomokuCode":1},"shukeiKomokuName":"一般利用","createdAt":"Apr 24, 2018 1:16:55 PM","createdBy":"0-hirata","updatedAt":"Apr 24, 2018 1:16:55 PM","updatedBy":"0-hirata","version":1},{"primaryKey":{"kanriCode":10,"shukeiCode":2,"shukeiKomokuCode":2},"shukeiKomokuName":"行政利用","createdAt":"Apr 24, 2018 1:16:55 PM","createdBy":"0-hirata","updatedAt":"Apr 24, 2018 1:16:55 PM","updatedBy":"0-hirata","version":1},{"primaryKey":{"kanriCode":10,"shukeiCode":2,"shukeiKomokuCode":3},"shukeiKomokuName":"主催利用","createdAt":"Apr 24, 2018 1:16:55 PM","createdBy":"0-hirata","updatedAt":"Apr 24, 2018 1:16:55 PM","updatedBy":"0-hirata","version":1}],"primaryKey":{"kanriCode":10,"shinseiNumber":772,"shukeiCode":2}},{"shukeiName":"公益収益","shukeiKomokus":[{"primaryKey":{"kanriCode":10,"shukeiCode":3,"shukeiKomokuCode":1},"shukeiKomokuName":"公益","createdAt":"Apr 24, 2018 1:16:55 PM","createdBy":"0-hirata","updatedAt":"Apr 24, 2018 1:16:55 PM","updatedBy":"0-hirata","version":1},{"primaryKey":{"kanriCode":10,"shukeiCode":3,"shukeiKomokuCode":2},"shukeiKomokuName":"収益","createdAt":"Apr 24, 2018 1:16:55 PM","createdBy":"0-hirata","updatedAt":"Apr 24, 2018 1:16:55 PM","updatedBy":"0-hirata","version":1}],"primaryKey":{"kanriCode":10,"shinseiNumber":772,"shukeiCode":3}},{"shukeiName":"年代別","shukeiKomokus":[{"primaryKey":{"kanriCode":10,"shukeiCode":4,"shukeiKomokuCode":1},"shukeiKomokuName":"10代","createdAt":"Apr 24, 2018 1:16:55 PM","createdBy":"0-hirata","updatedAt":"Apr 24, 2018 1:16:55 PM","updatedBy":"0-hirata","version":1},{"primaryKey":{"kanriCode":10,"shukeiCode":4,"shukeiKomokuCode":2},"shukeiKomokuName":"20代","createdAt":"Apr 24, 2018 1:16:55 PM","createdBy":"0-hirata","updatedAt":"Apr 24, 2018 1:16:55 PM","updatedBy":"0-hirata","version":1},{"primaryKey":{"kanriCode":10,"shukeiCode":4,"shukeiKomokuCode":3},"shukeiKomokuName":"30代","createdAt":"Apr 24, 2018 1:16:55 PM","createdBy":"0-hirata","updatedAt":"Apr 24, 2018 1:16:55 PM","updatedBy":"0-hirata","version":1},{"primaryKey":{"kanriCode":10,"shukeiCode":4,"shukeiKomokuCode":4},"shukeiKomokuName":"40代","createdAt":"Apr 24, 2018 1:16:55 PM","createdBy":"0-hirata","updatedAt":"Apr 24, 2018 1:16:55 PM","updatedBy":"0-hirata","version":1},{"primaryKey":{"kanriCode":10,"shukeiCode":4,"shukeiKomokuCode":5},"shukeiKomokuName":"50代","createdAt":"Apr 24, 2018 1:16:55 PM","createdBy":"0-hirata","updatedAt":"Apr 24, 2018 1:16:55 PM","updatedBy":"0-hirata","version":1},{"primaryKey":{"kanriCode":10,"shukeiCode":4,"shukeiKomokuCode":6},"shukeiKomokuName":"60代","createdAt":"Apr 24, 2018 1:16:55 PM","createdBy":"0-hirata","updatedAt":"Apr 24, 2018 1:16:55 PM","updatedBy":"0-hirata","version":1}],"primaryKey":{"kanriCode":10,"shinseiNumber":772,"shukeiCode":4}}]},"uketsukeDate":"Jul 8, 2018 1:30:46 PM","primaryKey":{"kanriCode":10,"shinseiNumber":772},"shinseiShurui":"2","henkoShinseiKaisu":0,"loginId":"tnt","riyoshaGroupCode":1,"shinseishaKanaName":"Tran","shinseishaName":"Thang","shinseishaYubinBango":"84","shinseishaJusho1":"Ca mau","shinseishaJusho2":"Ca mau","daihyoshaKanaName":"Tran","daihyoshaName":"Thang","renrakushaKanaName":"Tran","renrakushaName":"Thang","renrakushaYubinBango":"84","renrakushaJusho1":"Ca mau","renrakushaJusho2":"Ca mau","denwaBango1":"8416526091","denwaBango2":"8416526091","mailAddress":"thangitl14@gmail.com","memo":"1","toshoUketsukeDate":"Jul 4, 2018 12:00:00 AM","chusenGroupCode":1,"yusenJuni":1,"chusenKekka":"1","kariChusenKekka":"1","tosenShinseiJotai":"1","sakujoKijitsu":"Jul 5, 2018 12:00:00 AM","createdAt":"Jul 4, 2018 9:24:29 AM","createdBy":"1-tnt","updatedAt":"Jul 4, 2018 9:24:29 AM","updatedBy":"1-tnt","version":1}
