[[{"yukokikanStartDate":"Jun 26, 2018 12:00:00 AM","yukokikanEndDate":"Jun 26, 2018 12:00:00 AM","taxRate":123,"createdAt":"Jun 26, 2018 3:16:51 PM","createdBy":"2211","updatedAt":"Jun 26, 2018 3:17:06 PM","updatedBy":"3332","version":0},{"yukokikanStartDate":"Jun 27, 2018 12:00:00 AM","yukokikanEndDate":"Jun 27, 2018 12:00:00 AM","taxRate":124,"createdAt":"Jun 27, 2018 3:16:51 PM","createdBy":"2212","updatedAt":"Jun 27, 2018 3:17:06 PM","updatedBy":"3333","version":1},{"yukokikanStartDate":"Jun 28, 2018 12:00:00 AM","yukokikanEndDate":"Jun 28, 2018 12:00:00 AM","taxRate":125,"createdAt":"Jun 28, 2018 3:16:51 PM","createdBy":"2213","updatedAt":"Jun 28, 2018 3:17:06 PM","updatedBy":"3334","version":2}]]
