[{"primaryKey":{"loginId":"1","kanriCode":10,"ryokinKeisanKomokuCode":1,"yukokikanStartDate":"Jan 4, 2018 12:00:00 AM"},"yukokikanEndDate":"Jan 20, 2018 12:00:00 AM","ryokinKeisanNaiyoCode":1,"createdAt":"Jan 23, 2018 6:04:31 PM","createdBy":"1","updatedAt":"Jan 23, 2018 6:10:11 PM","updatedBy":"1","version":2},{"primaryKey":{"loginId":"1","kanriCode":10,"ryokinKeisanKomokuCode":2,"yukokikanStartDate":"Jan 1, 2018 12:00:00 AM"},"yukokikanEndDate":"Mar 31, 2100 12:00:00 AM","ryokinKeisanNaiyoCode":2,"createdAt":"Jan 23, 2018 6:09:54 PM","createdBy":"1","updatedAt":"Jan 23, 2018 6:09:54 PM","updatedBy":"1","version":1},{"primaryKey":{"loginId":"1","kanriCode":14,"ryokinKeisanKomokuCode":1,"yukokikanStartDate":"Oct 10, 2019 12:00:00 AM"},"yukokikanEndDate":"Mar 31, 2100 12:00:00 AM","ryokinKeisanNaiyoCode":1,"createdAt":"Jan 23, 2018 5:08:29 PM","createdBy":"1","updatedAt":"Jan 23, 2018 5:08:29 PM","updatedBy":"1","version":1}]
