[{"shinseiNumber":444,"meisaiNumber":1,"bashoCode":10,"shisetsuCode":10,"kashidashiTaniCode":1,"shiyoDate":"Apr 19, 2018 12:00:00 AM","startTime":1100,"endTime":1400,"shinseishaName":"住民テスト利用者","ryokinKubun":"0","loginId":"37986","meisaiDtos":[],"tKampuMeisais":[],"tRyokins":[],"isUpdating":false,"isDeleting":false,"primaryKey":{"kanriCode":10,"kampuNumber":314},"isDeleted":false,"isPaid":true,"kampuHoho":"0","yoteiDate":"May 26, 2018 12:00:00 AM","kampuDate":"May 26, 2018 12:00:00 AM","choteiDate":"May 26, 2018 12:00:00 AM","kampuTaishoGaku":0,"hasuChoseiGaku":0,"kampuGaku":5360,"createdAt":"May 25, 2018 11:34:50 AM","createdBy":"0-hirata","updatedAt":"May 25, 2018 11:39:17 AM","updatedBy":"0-hirata","version":2}]
