[{"primaryKey":{"kanriCode":10,"shisetsuCode":10,"ryokinKeisanKomokuCode":1,"ryokinKeisanNaiyoCode":1,"ryokinTaikeiCode":1,"yukokikanStartDate":"Apr 1, 2017 12:00:00 AM"},"yukokikanEndDate":"Apr 1, 2017 12:00:00 AM","shisetsuKeisanHoho":"0","shisetsuKeisanKeisu":40,"setsubiKeisanHoho":"0","setsubiKeisanKeisu":50,"createdAt":"Oct 31, 2017 9:42:00 AM","createdBy":"8000","updatedAt":"Oct 31, 2017 9:42:00 AM","updatedBy":"8000","version":0},{"primaryKey":{"kanriCode":10,"shisetsuCode":10,"ryokinKeisanKomokuCode":1,"ryokinKeisanNaiyoCode":2,"ryokinTaikeiCode":1,"yukokikanStartDate":"Apr 1, 2017 12:00:00 AM"},"yukokikanEndDate":"Dec 31, 9999 12:00:00 AM","shisetsuKeisanHoho":"0","shisetsuKeisanKeisu":45,"setsubiKeisanHoho":"0","setsubiKeisanKeisu":50,"createdAt":"Oct 31, 2017 9:42:00 AM","createdBy":"8000","updatedAt":"Oct 31, 2017 9:42:00 AM","updatedBy":"8000","version":0},{"primaryKey":{"kanriCode":10,"shisetsuCode":10,"ryokinKeisanKomokuCode":2,"ryokinKeisanNaiyoCode":1,"ryokinTaikeiCode":1,"yukokikanStartDate":"Apr 1, 2017 12:00:00 AM"},"yukokikanEndDate":"Dec 31, 9999 12:00:00 AM","shisetsuKeisanHoho":"0","shisetsuKeisanKeisu":20,"setsubiKeisanHoho":"0","setsubiKeisanKeisu":50,"createdAt":"Oct 31, 2017 9:42:00 AM","createdBy":"8000","updatedAt":"Oct 31, 2017 9:42:00 AM","updatedBy":"8000","version":0},{"primaryKey":{"kanriCode":10,"shisetsuCode":10,"ryokinKeisanKomokuCode":3,"ryokinKeisanNaiyoCode":1,"ryokinTaikeiCode":1,"yukokikanStartDate":"Apr 1, 2017 12:00:00 AM"},"yukokikanEndDate":"Apr 1, 9999 12:00:00 AM","shisetsuKeisanHoho":"0","shisetsuKeisanKeisu":10,"setsubiKeisanHoho":"0","setsubiKeisanKeisu":93,"createdAt":"Dec 7, 2017 3:33:28 PM","createdBy":"test","updatedAt":"Dec 7, 2017 3:33:42 PM","updatedBy":"test","version":0},{"primaryKey":{"kanriCode":10,"shisetsuCode":10,"ryokinKeisanKomokuCode":4,"ryokinKeisanNaiyoCode":1,"ryokinTaikeiCode":1,"yukokikanStartDate":"Apr 1, 2017 12:00:00 AM"},"yukokikanEndDate":"Apr 1, 9999 12:00:00 AM","shisetsuKeisanHoho":"0","shisetsuKeisanKeisu":150,"setsubiKeisanHoho":"0","setsubiKeisanKeisu":80,"createdAt":"Dec 7, 2017 3:33:28 PM","createdBy":"test","updatedAt":"Dec 7, 2017 3:33:42 PM","updatedBy":"test","version":0},{"primaryKey":{"kanriCode":10,"shisetsuCode":10,"ryokinKeisanKomokuCode":5,"ryokinKeisanNaiyoCode":1,"ryokinTaikeiCode":1,"yukokikanStartDate":"Apr 1, 2017 12:00:00 AM"},"yukokikanEndDate":"Apr 1, 9999 12:00:00 AM","shisetsuKeisanHoho":"0","shisetsuKeisanKeisu":83,"setsubiKeisanHoho":"0","setsubiKeisanKeisu":30,"createdAt":"Dec 7, 2017 3:33:28 PM","createdBy":"test","updatedAt":"Dec 7, 2017 3:33:42 PM","updatedBy":"test","version":0},{"primaryKey":{"kanriCode":10,"shisetsuCode":10,"ryokinKeisanKomokuCode":6,"ryokinKeisanNaiyoCode":1,"ryokinTaikeiCode":1,"yukokikanStartDate":"Apr 1, 2017 12:00:00 AM"},"yukokikanEndDate":"Apr 1, 9999 12:00:00 AM","shisetsuKeisanHoho":"0","shisetsuKeisanKeisu":20,"setsubiKeisanHoho":"0","setsubiKeisanKeisu":58,"createdAt":"Dec 7, 2017 3:33:28 PM","createdBy":"test","updatedAt":"Dec 7, 2017 3:33:42 PM","updatedBy":"test","version":0},{"primaryKey":{"kanriCode":10,"shisetsuCode":10,"ryokinKeisanKomokuCode":7,"ryokinKeisanNaiyoCode":1,"ryokinTaikeiCode":1,"yukokikanStartDate":"Apr 1, 2017 12:00:00 AM"},"yukokikanEndDate":"Apr 1, 9999 12:00:00 AM","shisetsuKeisanHoho":"0","shisetsuKeisanKeisu":30,"setsubiKeisanHoho":"0","setsubiKeisanKeisu":24,"createdAt":"Dec 7, 2017 3:33:28 PM","createdBy":"test","updatedAt":"Dec 7, 2017 3:33:42 PM","updatedBy":"test","version":0},{"primaryKey":{"kanriCode":10,"shisetsuCode":10,"ryokinKeisanKomokuCode":8,"ryokinKeisanNaiyoCode":1,"ryokinTaikeiCode":1,"yukokikanStartDate":"Apr 1, 2017 12:00:00 AM"},"yukokikanEndDate":"Apr 1, 9999 12:00:00 AM","shisetsuKeisanHoho":"0","shisetsuKeisanKeisu":30,"setsubiKeisanHoho":"0","setsubiKeisanKeisu":89,"createdAt":"Dec 7, 2017 3:33:28 PM","createdBy":"test","updatedAt":"Dec 7, 2017 3:33:42 PM","updatedBy":"test","version":0}]
