[{"mShisetsu":{"primaryKey":{"kanriCode":26,"shisetsuCode":10},"shisetsuName":"多目ホール","shisetsuChohyoName":"多目的ホール","uketsukeStartDate":"Apr 1, 2010 12:00:00 AM","uketsukeEndDate":"Apr 1, 2020 12:00:00 AM","shiyoStartDate":"Apr 1, 2010 12:00:00 AM","shiyoEndDate":"Apr 1, 2020 12:00:00 AM","bashoCode":90,"kashidashiGroupCode":261,"teiinsu":20,"ryokinKeisanKijunDate":"1","ryoshuYoteiDateKeisu":7,"ryoshuYoteiDateTani":"0","maebaraiKingakuWariai":0,"kuriageEnchoTaniJikan":30,"kuriageEnchoKirisuteJikan":0,"shisetsuKashidashiHoshiki":"0","mensuHyojiTani":"面","yoyakuShurui":"1","isAllowedZengoKomaShiyo":true,"isHeiyoRiyo":false,"koenJikanCode":1,"tokeisakuseiWeight":1,"createdAt":"Oct 31, 2017 9:42:00 AM","createdBy":"8000","updatedAt":"Oct 31, 2017 9:42:00 AM","updatedBy":"8000","version":0},"mKomaMap":{"1":{"primaryKey":{"komaPatternCode":6,"komaCode":1},"komaName":"koma1","startTime":900,"endTime":1200,"isAllowedTandokuKashidashi":true,"isDisplayedWeb":true,"isAllowedShinseiWeb":true,"komaGroupCode":1,"createdAt":"Oct 31, 2017 4:30:00 PM","createdBy":"8000","updatedAt":"Oct 31, 2017 4:30:00 PM","updatedBy":"8000","version":0},"2":{"primaryKey":{"komaPatternCode":6,"komaCode":2},"komaName":"koma2","startTime":1200,"endTime":1300,"isAllowedTandokuKashidashi":false,"isDisplayedWeb":true,"isAllowedShinseiWeb":true,"komaGroupCode":1,"createdAt":"Oct 31, 2017 4:30:00 PM","createdBy":"8000","updatedAt":"Oct 31, 2017 4:30:00 PM","updatedBy":"8000","version":0},"3":{"primaryKey":{"komaPatternCode":6,"komaCode":3},"komaName":"koma3","startTime":1300,"endTime":1700,"isAllowedTandokuKashidashi":true,"isDisplayedWeb":true,"isAllowedShinseiWeb":true,"komaGroupCode":1,"createdAt":"Oct 31, 2017 4:30:00 PM","createdBy":"8000","updatedAt":"Oct 31, 2017 4:30:00 PM","updatedBy":"8000","version":0},"4":{"primaryKey":{"komaPatternCode":6,"komaCode":4},"komaName":"koma4","startTime":1700,"endTime":1730,"isAllowedTandokuKashidashi":false,"isDisplayedWeb":true,"isAllowedShinseiWeb":true,"komaGroupCode":1,"createdAt":"Oct 31, 2017 4:30:00 PM","createdBy":"8000","updatedAt":"Oct 31, 2017 4:30:00 PM","updatedBy":"8000","version":0},"5":{"primaryKey":{"komaPatternCode":6,"komaCode":5},"komaName":"koma5","startTime":1730,"endTime":2130,"isAllowedTandokuKashidashi":true,"isDisplayedWeb":true,"isAllowedShinseiWeb":true,"komaGroupCode":1,"createdAt":"Oct 31, 2017 4:30:00 PM","createdBy":"8000","updatedAt":"Oct 31, 2017 4:30:00 PM","updatedBy":"8000","version":0}},"bashoName":"南市民セン","reservableMKashidashiTanis":[],"mShiyoMokutekiList":[{"shiyoMokutekiCode":1010,"shiyoMokutekiName":"合唱","isDisplayedWeb":true,"createdAt":"Oct 31, 2017 9:42:00 AM","createdBy":"8000","updatedAt":"Oct 31, 2017 9:42:00 AM","updatedBy":"8000","version":0},{"shiyoMokutekiCode":1030,"shiyoMokutekiName":"器楽（音量小）","isDisplayedWeb":true,"createdAt":"Oct 31, 2017 9:42:00 AM","createdBy":"8000","updatedAt":"Oct 31, 2017 9:42:00 AM","updatedBy":"8000","version":0},{"shiyoMokutekiCode":1040,"shiyoMokutekiName":"詩吟・民謡","isDisplayedWeb":true,"createdAt":"Oct 31, 2017 9:42:00 AM","createdBy":"8000","updatedAt":"Oct 31, 2017 9:42:00 AM","updatedBy":"8000","version":0},{"shiyoMokutekiCode":1050,"shiyoMokutekiName":"カラオケ","isDisplayedWeb":true,"createdAt":"Oct 31, 2017 9:42:00 AM","createdBy":"8000","updatedAt":"Oct 31, 2017 9:42:00 AM","updatedBy":"8000","version":0},{"shiyoMokutekiCode":1060,"shiyoMokutekiName":"会議・学習（一般）","isDisplayedWeb":true,"createdAt":"Oct 31, 2017 9:42:00 AM","createdBy":"8000","updatedAt":"Oct 31, 2017 9:42:00 AM","updatedBy":"8000","version":0},{"shiyoMokutekiCode":1070,"shiyoMokutekiName":"会議・学習（企業）","isDisplayedWeb":true,"createdAt":"Oct 31, 2017 9:42:00 AM","createdBy":"8000","updatedAt":"Oct 31, 2017 9:42:00 AM","updatedBy":"8000","version":0},{"shiyoMokutekiCode":1080,"shiyoMokutekiName":"教育","isDisplayedWeb":true,"createdAt":"Oct 31, 2017 9:42:00 AM","createdBy":"8000","updatedAt":"Oct 31, 2017 9:42:00 AM","updatedBy":"8000","version":0},{"shiyoMokutekiCode":1160,"shiyoMokutekiName":"舞踊","isDisplayedWeb":true,"createdAt":"Oct 31, 2017 9:42:00 AM","createdBy":"8000","updatedAt":"Oct 31, 2017 9:42:00 AM","updatedBy":"8000","version":0},{"shiyoMokutekiCode":1170,"shiyoMokutekiName":"演劇（立ち稽古）","isDisplayedWeb":true,"createdAt":"Oct 31, 2017 9:42:00 AM","createdBy":"8000","updatedAt":"Oct 31, 2017 9:42:00 AM","updatedBy":"8000","version":0},{"shiyoMokutekiCode":1180,"shiyoMokutekiName":"演劇（読み合わせ）","isDisplayedWeb":true,"createdAt":"Oct 31, 2017 9:42:00 AM","createdBy":"8000","updatedAt":"Oct 31, 2017 9:42:00 AM","updatedBy":"8000","version":0},{"shiyoMokutekiCode":1240,"shiyoMokutekiName":"人形劇","isDisplayedWeb":true,"createdAt":"Oct 31, 2017 9:42:00 AM","createdBy":"8000","updatedAt":"Oct 31, 2017 9:42:00 AM","updatedBy":"8000","version":0},{"shiyoMokutekiCode":3140,"shiyoMokutekiName":"体操","isDisplayedWeb":true,"createdAt":"Oct 31, 2017 9:42:00 AM","createdBy":"8000","updatedAt":"Oct 31, 2017 9:42:00 AM","updatedBy":"8000","version":0},{"shiyoMokutekiCode":3180,"shiyoMokutekiName":"ダンス","isDisplayedWeb":true,"createdAt":"Oct 31, 2017 9:42:00 AM","createdBy":"8000","updatedAt":"Oct 31, 2017 9:42:00 AM","updatedBy":"8000","version":0},{"shiyoMokutekiCode":3190,"shiyoMokutekiName":"軽ダンス","isDisplayedWeb":true,"createdAt":"Oct 31, 2017 9:42:00 AM","createdBy":"8000","updatedAt":"Oct 31, 2017 9:42:00 AM","updatedBy":"8000","version":0},{"shiyoMokutekiCode":3200,"shiyoMokutekiName":"社交ダンス","isDisplayedWeb":true,"createdAt":"Oct 31, 2017 9:42:00 AM","createdBy":"8000","updatedAt":"Oct 31, 2017 9:42:00 AM","updatedBy":"8000","version":0}],"mShiyoMokuteki":{"shiyoMokutekiCode":1060,"shiyoMokutekiName":"会議・学習（一般）","isDisplayedWeb":true,"createdAt":"Oct 31, 2017 9:42:00 AM","createdBy":"8000","updatedAt":"Oct 31, 2017 9:42:00 AM","updatedBy":"8000","version":0},"isDeleted":false,"isAdded":false,"selectedShinsaKubun":"KYOKA","nyujoRyokinDtos":[],"nyujoRyokinKomaDtos":[],"rehearsalDtos":[],"koenTimeDtos":[],"komaCode":[],"ryokinDtoMap":{"SETSUBI":{"ryokinSanshutsuKomokuDtos":[],"primaryKey":{"ryokinKubun":"1"},"kihonRyokin":0,"kasangakuGokei":0,"gemmengakuGokei":0,"waribikigakuGokei":0,"hasuChoseigaku":0,"tenyuryokuChoseigaku":0,"ryokinGokei":0,"ryoshuGokei":0,"kampuGokei":0,"zenkaiShiyoRyokin":0,"miseisanCancelRyokinGokei":0},"SHISETSU":{"ryokinSanshutsuKomokuDtos":[],"primaryKey":{"ryokinKubun":"0"},"kihonRyokin":0,"kasangakuGokei":0,"gemmengakuGokei":0,"waribikigakuGokei":0,"hasuChoseigaku":0,"tenyuryokuChoseigaku":0,"ryokinGokei":0,"ryoshuGokei":0,"kampuGokei":0,"zenkaiShiyoRyokin":0,"miseisanCancelRyokinGokei":0}},"setsubiShinseiDtos":[],"id":1,"kanriCode":26,"shinseiNumber":2016000445,"meisaiNumber":1,"meisaiKoshinKaisu":0,"meisaiJotai":"0","bashoCode":90,"shisetsuCode":10,"kashidashiTaniCode":0,"shiyoDate":"May 16, 2017 12:00:00 AM","yobiPattern":"0","startKoma":3,"endKoma":5,"startTime":1300,"endTime":2130,"ryokinTaikeiCode":1,"shiyoMokutekiCode":1060,"shiyoNinzu":200,"gyoji1":"行事名１","gyoji2":"行事名２","memo":"メモ","shinsaKubun":"1","shinsaRiyuCode":1,"uketsukeDate":"Sep 13, 2016 12:00:00 AM","uketsukeBashoCode":90,"isUsed":true,"createdAt":"Nov 6, 2017 1:08:00 PM","createdBy":"8000","updatedAt":"Nov 6, 2017 1:08:00 PM","updatedBy":"8000","version":0}]
[{"mShisetsu":{"primaryKey":{"kanriCode":10,"shisetsuCode":10},"shisetsuName":"会議室","shisetsuChohyoName":"会議室","uketsukeStartDate":"Apr 1, 2010 12:00:00 AM","uketsukeEndDate":"Apr 1, 2020 12:00:00 AM","shiyoStartDate":"Apr 1, 2010 12:00:00 AM","shiyoEndDate":"Apr 1, 2020 12:00:00 AM","bashoCode":10,"kashidashiGroupCode":112,"teiinsu":20,"ryokinKeisanKijunDate":"1","ryoshuYoteiDateKeisu":0,"ryoshuYoteiDateTani":"2","maebaraiKingakuWariai":0,"kuriageEnchoTaniJikan":30,"kuriageEnchoKirisuteJikan":0,"shisetsuKashidashiHoshiki":"1","mensuHyojiTani":"面","yoyakuShurui":"1","isAllowedZengoKomaShiyo":true,"isHeiyoRiyo":false,"koenJikanCode":1,"tokeisakuseiWeight":1,"createdAt":"Oct 31, 2017 9:42:00 AM","createdBy":"8000","updatedAt":"Oct 31, 2017 9:42:00 AM","updatedBy":"8000","version":0},"mKomaMap":{"13":{"primaryKey":{"komaPatternCode":112,"komaCode":13},"komaName":"koma1","startTime":2100,"endTime":2130,"isAllowedTandokuKashidashi":true,"isDisplayedWeb":true,"isAllowedShinseiWeb":true,"komaGroupCode":1,"createdAt":"Oct 31, 2017 4:30:00 PM","createdBy":"8000","updatedAt":"Oct 31, 2017 4:30:00 PM","updatedBy":"8000","version":0}},"bashoName":"生涯学習セ","reservableMKashidashiTanis":[],"mShiyoMokutekiList":[{"shiyoMokutekiCode":1010,"shiyoMokutekiName":"合唱","isDisplayedWeb":true,"createdAt":"Oct 31, 2017 9:42:00 AM","createdBy":"8000","updatedAt":"Oct 31, 2017 9:42:00 AM","updatedBy":"8000","version":0},{"shiyoMokutekiCode":1030,"shiyoMokutekiName":"器楽（音量小）","isDisplayedWeb":true,"createdAt":"Oct 31, 2017 9:42:00 AM","createdBy":"8000","updatedAt":"Oct 31, 2017 9:42:00 AM","updatedBy":"8000","version":0},{"shiyoMokutekiCode":1040,"shiyoMokutekiName":"詩吟・民謡","isDisplayedWeb":true,"createdAt":"Oct 31, 2017 9:42:00 AM","createdBy":"8000","updatedAt":"Oct 31, 2017 9:42:00 AM","updatedBy":"8000","version":0},{"shiyoMokutekiCode":1060,"shiyoMokutekiName":"会議・学習（一般）","isDisplayedWeb":true,"createdAt":"Oct 31, 2017 9:42:00 AM","createdBy":"8000","updatedAt":"Oct 31, 2017 9:42:00 AM","updatedBy":"8000","version":0},{"shiyoMokutekiCode":1080,"shiyoMokutekiName":"教育","isDisplayedWeb":true,"createdAt":"Oct 31, 2017 9:42:00 AM","createdBy":"8000","updatedAt":"Oct 31, 2017 9:42:00 AM","updatedBy":"8000","version":0},{"shiyoMokutekiCode":1110,"shiyoMokutekiName":"囲碁・将棋","isDisplayedWeb":true,"createdAt":"Oct 31, 2017 9:42:00 AM","createdBy":"8000","updatedAt":"Oct 31, 2017 9:42:00 AM","updatedBy":"8000","version":0},{"shiyoMokutekiCode":1120,"shiyoMokutekiName":"文芸","isDisplayedWeb":true,"createdAt":"Oct 31, 2017 9:42:00 AM","createdBy":"8000","updatedAt":"Oct 31, 2017 9:42:00 AM","updatedBy":"8000","version":0},{"shiyoMokutekiCode":1140,"shiyoMokutekiName":"工芸","isDisplayedWeb":true,"createdAt":"Oct 31, 2017 9:42:00 AM","createdBy":"8000","updatedAt":"Oct 31, 2017 9:42:00 AM","updatedBy":"8000","version":0},{"shiyoMokutekiCode":1160,"shiyoMokutekiName":"舞踊","isDisplayedWeb":true,"createdAt":"Oct 31, 2017 9:42:00 AM","createdBy":"8000","updatedAt":"Oct 31, 2017 9:42:00 AM","updatedBy":"8000","version":0},{"shiyoMokutekiCode":1180,"shiyoMokutekiName":"演劇（読み合わせ）","isDisplayedWeb":true,"createdAt":"Oct 31, 2017 9:42:00 AM","createdBy":"8000","updatedAt":"Oct 31, 2017 9:42:00 AM","updatedBy":"8000","version":0},{"shiyoMokutekiCode":1190,"shiyoMokutekiName":"洋和裁","isDisplayedWeb":true,"createdAt":"Oct 31, 2017 9:42:00 AM","createdBy":"8000","updatedAt":"Oct 31, 2017 9:42:00 AM","updatedBy":"8000","version":0},{"shiyoMokutekiCode":1210,"shiyoMokutekiName":"展示","isDisplayedWeb":true,"createdAt":"Oct 31, 2017 9:42:00 AM","createdBy":"8000","updatedAt":"Oct 31, 2017 9:42:00 AM","updatedBy":"8000","version":0},{"shiyoMokutekiCode":1240,"shiyoMokutekiName":"人形劇","isDisplayedWeb":true,"createdAt":"Oct 31, 2017 9:42:00 AM","createdBy":"8000","updatedAt":"Oct 31, 2017 9:42:00 AM","updatedBy":"8000","version":0},{"shiyoMokutekiCode":3140,"shiyoMokutekiName":"体操","isDisplayedWeb":true,"createdAt":"Oct 31, 2017 9:42:00 AM","createdBy":"8000","updatedAt":"Oct 31, 2017 9:42:00 AM","updatedBy":"8000","version":0},{"shiyoMokutekiCode":3190,"shiyoMokutekiName":"軽ダンス","isDisplayedWeb":true,"createdAt":"Oct 31, 2017 9:42:00 AM","createdBy":"8000","updatedAt":"Oct 31, 2017 9:42:00 AM","updatedBy":"8000","version":0}],"mShiyoMokuteki":{"shiyoMokutekiCode":1010,"shiyoMokutekiName":"合唱","isDisplayedWeb":true,"createdAt":"Oct 31, 2017 9:42:00 AM","createdBy":"8000","updatedAt":"Oct 31, 2017 9:42:00 AM","updatedBy":"8000","version":0},"isDeleted":false,"isAdded":false,"selectedShinsaKubun":"KYOKA","selectedShinsaRiyu":{"primaryKey":{"kanriCode":10,"shinsaRiyuCode":1},"shinsaRiyuName":"審査理由１","riyu":"a","createdAt":"Dec 8, 2017 3:17:39 PM","createdBy":"test","updatedAt":"Dec 8, 2017 3:17:44 PM","updatedBy":"test","version":0},"nyujoRyokinDtos":[],"nyujoRyokinKomaDtos":[],"rehearsalDtos":[],"koenTimeDtos":[],"komaCode":[],"ryokinDtoMap":{"SETSUBI":{"ryokinSanshutsuKomokuDtos":[],"primaryKey":{"ryokinKubun":"1"},"kihonRyokin":0,"kasangakuGokei":0,"gemmengakuGokei":0,"waribikigakuGokei":0,"hasuChoseigaku":0,"tenyuryokuChoseigaku":0,"ryokinGokei":0,"ryoshuGokei":0,"kampuGokei":0,"zenkaiShiyoRyokin":0,"miseisanCancelRyokinGokei":0},"SHISETSU":{"ryokinSanshutsuKomokuDtos":[],"primaryKey":{"ryokinKubun":"0"},"kihonRyokin":0,"kasangakuGokei":0,"gemmengakuGokei":0,"waribikigakuGokei":0,"hasuChoseigaku":0,"tenyuryokuChoseigaku":0,"ryokinGokei":0,"ryoshuGokei":0,"kampuGokei":0,"zenkaiShiyoRyokin":0,"miseisanCancelRyokinGokei":0}},"setsubiShinseiDtos":[],"id":0,"kanriCode":10,"shinseiNumber":444,"meisaiNumber":1,"meisaiKoshinKaisu":0,"meisaiJotai":"0","bashoCode":10,"shisetsuCode":10,"kashidashiTaniCode":1,"shiyoDate":"Apr 19, 2018 12:00:00 AM","yobiPattern":"0","startKoma":3,"endKoma":5,"startTime":1100,"endTime":1400,"ryokinTaikeiCode":1,"shiyoMokutekiCode":1010,"shiyoNinzu":20,"gyoji1":"行事１","gyoji2":"行事２","memo":"メモ","shinsaKubun":"1","shinsaRiyuCode":1,"uketsukeDate":"Apr 18, 2018 12:00:00 AM","uketsukeBashoCode":10,"isUsed":true,"createdAt":"Apr 18, 2018 6:45:36 PM","createdBy":"0-hirata","updatedAt":"Apr 18, 2018 6:45:36 PM","updatedBy":"0-hirata","version":1}]
