<?xml version="1.0" encoding="UTF-8" ?>
<!DOCTYPE mapper PUBLIC "-//mybatis.org//DTD Mapper 3.0//EN" "http://mybatis.org/dtd/mybatis-3-mapper.dtd" >
<!--
  MyBatis Mapper for t_batch_kanri table. 
  generated by sane-dao-Generator at Wed Jun 27 09:43:16 JST 2018.
-->
<mapper namespace="jp.ne.yec.seagullLC.stagia.dao.TBatchKanriDao" >
  <resultMap id="BaseResultMap" type="jp.ne.yec.seagullLC.stagia.entity.TBatchKanri" >
    <id column="id" property="id" jdbcType="INTEGER" />
    <result column="batch_shurui" property="batchShurui" jdbcType="CHAR" />
    <result column="batch_taisho_code" property="batchTaishoCode" jdbcType="SMALLINT" />
    <result column="start_timestamp" property="startTimestamp" jdbcType="TIMESTAMP" />
    <result column="end_timestamp" property="endTimestamp" jdbcType="TIMESTAMP" />
    <result column="taisho_nengetsu" property="taishoNengetsu" jdbcType="INTEGER" />
    <result column="running_status" property="runningStatus" jdbcType="CHAR" />
    <result column="log" property="log" jdbcType="VARCHAR" />
    <result column="schedule_id" property="scheduleId" jdbcType="INTEGER" />
    <result column="created_at" property="createdAt" jdbcType="TIMESTAMP" />
    <result column="created_by" property="createdBy" jdbcType="VARCHAR" />
    <result column="updated_at" property="updatedAt" jdbcType="TIMESTAMP" />
    <result column="updated_by" property="updatedBy" jdbcType="VARCHAR" />
    <result column="version" property="version" jdbcType="INTEGER" />
  </resultMap>
  
  <sql id="Base_Column_List">
	id,
	batch_shurui,
	batch_taisho_code,
	start_timestamp,
	end_timestamp,
	taisho_nengetsu,
	running_status,
	log,
	schedule_id,
	created_at,
	created_by,
	updated_at,
	updated_by,
	version
  </sql>
  
  <sql id="Base_Insert_List">
	#{id,jdbcType=INTEGER},
	#{batchShurui,jdbcType=CHAR},
	#{batchTaishoCode,jdbcType=SMALLINT},
	#{startTimestamp,jdbcType=TIMESTAMP},
	#{endTimestamp,jdbcType=TIMESTAMP},
	#{taishoNengetsu,jdbcType=INTEGER},
	#{runningStatus,jdbcType=CHAR},
	#{log,jdbcType=VARCHAR},
	#{scheduleId,jdbcType=INTEGER},
	#{createdAt,jdbcType=TIMESTAMP},
	#{createdBy,jdbcType=VARCHAR},
	#{updatedAt,jdbcType=TIMESTAMP},
	#{updatedBy,jdbcType=VARCHAR},
	#{version,jdbcType=INTEGER}
  </sql>
  
  <sql id="Base_EntityInsert_List">
	#{ENTITY.id,jdbcType=INTEGER},
	#{ENTITY.batchShurui,jdbcType=CHAR},
	#{ENTITY.batchTaishoCode,jdbcType=SMALLINT},
	#{ENTITY.startTimestamp,jdbcType=TIMESTAMP},
	#{ENTITY.endTimestamp,jdbcType=TIMESTAMP},
	#{ENTITY.taishoNengetsu,jdbcType=INTEGER},
	#{ENTITY.runningStatus,jdbcType=CHAR},
	#{ENTITY.log,jdbcType=VARCHAR},
	#{ENTITY.scheduleId,jdbcType=INTEGER},
	#{ENTITY.createdAt,jdbcType=TIMESTAMP},
	#{ENTITY.createdBy,jdbcType=VARCHAR},
	#{ENTITY.updatedAt,jdbcType=TIMESTAMP},
	#{ENTITY.updatedBy,jdbcType=VARCHAR},
	#{ENTITY.version,jdbcType=INTEGER}
  </sql>

  <sql id="Base_Update_List">
    id = #{id,jdbcType=INTEGER},
    batch_shurui = #{batchShurui,jdbcType=CHAR},
    batch_taisho_code = #{batchTaishoCode,jdbcType=SMALLINT},
    start_timestamp = #{startTimestamp,jdbcType=TIMESTAMP},
    end_timestamp = #{endTimestamp,jdbcType=TIMESTAMP},
    taisho_nengetsu = #{taishoNengetsu,jdbcType=INTEGER},
    running_status = #{runningStatus,jdbcType=CHAR},
    log = #{log,jdbcType=VARCHAR},
    schedule_id = #{scheduleId,jdbcType=INTEGER},
    created_at = #{createdAt,jdbcType=TIMESTAMP},
    created_by = #{createdBy,jdbcType=VARCHAR},
    updated_at = #{updatedAt,jdbcType=TIMESTAMP},
    updated_by = #{updatedBy,jdbcType=VARCHAR},
    version = #{version,jdbcType=INTEGER}
  </sql>
  
  <sql id="Base_EntityUpdate_List">
    id = #{ENTITY.id,jdbcType=INTEGER},
    batch_shurui = #{ENTITY.batchShurui,jdbcType=CHAR},
    batch_taisho_code = #{ENTITY.batchTaishoCode,jdbcType=SMALLINT},
    start_timestamp = #{ENTITY.startTimestamp,jdbcType=TIMESTAMP},
    end_timestamp = #{ENTITY.endTimestamp,jdbcType=TIMESTAMP},
    taisho_nengetsu = #{ENTITY.taishoNengetsu,jdbcType=INTEGER},
    running_status = #{ENTITY.runningStatus,jdbcType=CHAR},
    log = #{ENTITY.log,jdbcType=VARCHAR},
    schedule_id = #{ENTITY.scheduleId,jdbcType=INTEGER},
    created_at = #{ENTITY.createdAt,jdbcType=TIMESTAMP},
    created_by = #{ENTITY.createdBy,jdbcType=VARCHAR},
    updated_at = #{ENTITY.updatedAt,jdbcType=TIMESTAMP},
    updated_by = #{ENTITY.updatedBy,jdbcType=VARCHAR},
    version = #{ENTITY.version,jdbcType=INTEGER}
  </sql>

		
  <select id="read" resultMap="BaseResultMap" parameterType="java.lang.Integer" >
    select
    <include refid="Base_Column_List" />
    from t_batch_kanri
    where id=#{id,jdbcType=INTEGER}
  </select>

  <select id="find" resultMap="BaseResultMap" parameterType="map" >
    select 
    <include refid="Base_Column_List" />
    from t_batch_kanri
    <include refid="jp.ne.yec.sane.mybatis.dao.WhereClause" />
    <include refid="jp.ne.yec.sane.mybatis.dao.OrderByClause" />
    <include refid="jp.ne.yec.sane.mybatis.dao.LimitClause" />
  </select>

  <select id="findList" resultMap="BaseResultMap" parameterType="map" >
    select 
    <include refid="Base_Column_List" />
    from t_batch_kanri
    <include refid="jp.ne.yec.sane.mybatis.dao.WhereClause" />
    <include refid="jp.ne.yec.sane.mybatis.dao.OrderByClause" />
    <include refid="jp.ne.yec.sane.mybatis.dao.LimitClause" />
  </select>

  <select id="count" resultType="_long">
    select count(*) from t_batch_kanri
  </select>

  <select id="countByCriteria" resultType="_long" parameterType="map" >
    select count(*) from t_batch_kanri
    <include refid="jp.ne.yec.sane.mybatis.dao.WhereClause" />
  </select>

  <select id="readForUpdate" resultMap="BaseResultMap" parameterType="java.lang.Integer" >
    select
    <include refid="Base_Column_List" />
    from t_batch_kanri
    where id=#{id,jdbcType=INTEGER}
    for update
  </select>

  <select id="findListForUpdate" resultMap="BaseResultMap" parameterType="map" >
    select 
    <include refid="Base_Column_List" />
    from t_batch_kanri
    <include refid="jp.ne.yec.sane.mybatis.dao.WhereClause" />
    <include refid="jp.ne.yec.sane.mybatis.dao.OrderByClause" />
    <include refid="jp.ne.yec.sane.mybatis.dao.LimitClause" />
    for update
  </select>

  <insert id="create" parameterType="map" >
    insert into t_batch_kanri ( 
    <include refid="Base_Column_List" />
    )
    values (
    <include refid="Base_EntityInsert_List" />
    )
  </insert>

  <update id="update" parameterType="map" >
    update t_batch_kanri
    set 
    <include refid="Base_EntityUpdate_List" />
    where id=#{ENTITY.id,jdbcType=INTEGER}
  </update>

  <update id="updateByCriteria" parameterType="map" >
    update t_batch_kanri
    set 
    <include refid="Base_EntityUpdate_List" />
    <include refid="jp.ne.yec.sane.mybatis.dao.WhereClause" />
  </update>

  <update id="updateUseMap" parameterType="map" >
    update t_batch_kanri
    set ${UPDATEMAP.SET}
    where id=#{PRIMARYKEY,jdbcType=INTEGER}
  </update>

  <update id="updateUseMapByCriteria" parameterType="map" >
    update t_batch_kanri
    set ${UPDATEMAP.SET}
    <include refid="jp.ne.yec.sane.mybatis.dao.WhereClause" />
  </update>

  <delete id="delete" parameterType="jp.ne.yec.seagullLC.stagia.entity.TBatchKanri" >
    delete from t_batch_kanri
    where id=#{id,jdbcType=INTEGER}
  </delete>

  <delete id="deleteByPrimaryKey" parameterType="java.lang.Integer" >
    delete from t_batch_kanri
    where id=#{id,jdbcType=INTEGER}
  </delete>
  
  <delete id="deleteByCriteria" parameterType="map" >
    delete from t_batch_kanri
    <include refid="jp.ne.yec.sane.mybatis.dao.WhereClause" />
  </delete>  
  
  <select id="getNowTimestamp" resultType="java.sql.Timestamp">
    select clock_timestamp()
  </select>
</mapper>