<?xml version="1.0" encoding="UTF-8" ?>
<!DOCTYPE mapper PUBLIC "-//mybatis.org//DTD Mapper 3.0//EN" "http://mybatis.org/dtd/mybatis-3-mapper.dtd" >
<!--
  MyBatis Mapper for m_batch_schedule table. 
  generated by sane-dao-Generator at Wed Jun 27 09:43:16 JST 2018.
-->
<mapper namespace="jp.ne.yec.seagullLC.stagia.dao.MBatchScheduleDao" >
  <resultMap id="BaseResultMap" type="jp.ne.yec.seagullLC.stagia.entity.MBatchSchedule" >
    <id column="id" property="id" jdbcType="INTEGER" />
    <result column="batch_shurui" property="batchShurui" jdbcType="CHAR" />
    <result column="batch_taisho_code" property="batchTaishoCode" jdbcType="SMALLINT" />
    <result column="sv_ip" property="svIp" jdbcType="CHAR" />
    <result column="batch_schedule" property="batchSchedule" jdbcType="CHAR" />
    <result column="schedule_valid" property="scheduleValid" jdbcType="BIT" />
    <result column="batch_option" property="batchOption" jdbcType="VARCHAR" />
    <result column="batch_exec_id" property="batchExecId" jdbcType="VARCHAR" />
    <result column="created_at" property="createdAt" jdbcType="TIMESTAMP" />
    <result column="created_by" property="createdBy" jdbcType="VARCHAR" />
    <result column="updated_at" property="updatedAt" jdbcType="TIMESTAMP" />
    <result column="updated_by" property="updatedBy" jdbcType="VARCHAR" />
    <result column="version" property="version" jdbcType="INTEGER" />
  </resultMap>
  
  <sql id="Base_Column_List">
	id,
	batch_shurui,
	batch_taisho_code,
	sv_ip,
	batch_schedule,
	schedule_valid,
	batch_option,
	batch_exec_id,
	created_at,
	created_by,
	updated_at,
	updated_by,
	version
  </sql>
  
  <sql id="Base_Insert_List">
	#{id,jdbcType=INTEGER},
	#{batchShurui,jdbcType=CHAR},
	#{batchTaishoCode,jdbcType=SMALLINT},
	#{svIp,jdbcType=CHAR},
	#{batchSchedule,jdbcType=CHAR},
	#{scheduleValid,jdbcType=BIT},
	#{batchOption,jdbcType=VARCHAR},
	#{batchExecId,jdbcType=VARCHAR},
	#{createdAt,jdbcType=TIMESTAMP},
	#{createdBy,jdbcType=VARCHAR},
	#{updatedAt,jdbcType=TIMESTAMP},
	#{updatedBy,jdbcType=VARCHAR},
	#{version,jdbcType=INTEGER}
  </sql>
  
  <sql id="Base_EntityInsert_List">
	#{ENTITY.id,jdbcType=INTEGER},
	#{ENTITY.batchShurui,jdbcType=CHAR},
	#{ENTITY.batchTaishoCode,jdbcType=SMALLINT},
	#{ENTITY.svIp,jdbcType=CHAR},
	#{ENTITY.batchSchedule,jdbcType=CHAR},
	#{ENTITY.scheduleValid,jdbcType=BIT},
	#{ENTITY.batchOption,jdbcType=VARCHAR},
	#{ENTITY.batchExecId,jdbcType=VARCHAR},
	#{ENTITY.createdAt,jdbcType=TIMESTAMP},
	#{ENTITY.createdBy,jdbcType=VARCHAR},
	#{ENTITY.updatedAt,jdbcType=TIMESTAMP},
	#{ENTITY.updatedBy,jdbcType=VARCHAR},
	#{ENTITY.version,jdbcType=INTEGER}
  </sql>

  <sql id="Base_Update_List">
    id = #{id,jdbcType=INTEGER},
    batch_shurui = #{batchShurui,jdbcType=CHAR},
    batch_taisho_code = #{batchTaishoCode,jdbcType=SMALLINT},
    sv_ip = #{svIp,jdbcType=CHAR},
    batch_schedule = #{batchSchedule,jdbcType=CHAR},
    schedule_valid = #{scheduleValid,jdbcType=BIT},
    batch_option = #{batchOption,jdbcType=VARCHAR},
    batch_exec_id = #{batchExecId,jdbcType=VARCHAR},
    created_at = #{createdAt,jdbcType=TIMESTAMP},
    created_by = #{createdBy,jdbcType=VARCHAR},
    updated_at = #{updatedAt,jdbcType=TIMESTAMP},
    updated_by = #{updatedBy,jdbcType=VARCHAR},
    version = #{version,jdbcType=INTEGER}
  </sql>
  
  <sql id="Base_EntityUpdate_List">
    id = #{ENTITY.id,jdbcType=INTEGER},
    batch_shurui = #{ENTITY.batchShurui,jdbcType=CHAR},
    batch_taisho_code = #{ENTITY.batchTaishoCode,jdbcType=SMALLINT},
    sv_ip = #{ENTITY.svIp,jdbcType=CHAR},
    batch_schedule = #{ENTITY.batchSchedule,jdbcType=CHAR},
    schedule_valid = #{ENTITY.scheduleValid,jdbcType=BIT},
    batch_option = #{ENTITY.batchOption,jdbcType=VARCHAR},
    batch_exec_id = #{ENTITY.batchExecId,jdbcType=VARCHAR},
    created_at = #{ENTITY.createdAt,jdbcType=TIMESTAMP},
    created_by = #{ENTITY.createdBy,jdbcType=VARCHAR},
    updated_at = #{ENTITY.updatedAt,jdbcType=TIMESTAMP},
    updated_by = #{ENTITY.updatedBy,jdbcType=VARCHAR},
    version = #{ENTITY.version,jdbcType=INTEGER}
  </sql>

		
  <select id="read" resultMap="BaseResultMap" parameterType="java.lang.Integer" >
    select
    <include refid="Base_Column_List" />
    from m_batch_schedule
    where id=#{id,jdbcType=INTEGER}
  </select>

  <select id="find" resultMap="BaseResultMap" parameterType="map" >
    select 
    <include refid="Base_Column_List" />
    from m_batch_schedule
    <include refid="jp.ne.yec.sane.mybatis.dao.WhereClause" />
    <include refid="jp.ne.yec.sane.mybatis.dao.OrderByClause" />
    <include refid="jp.ne.yec.sane.mybatis.dao.LimitClause" />
  </select>

  <select id="findList" resultMap="BaseResultMap" parameterType="map" >
    select 
    <include refid="Base_Column_List" />
    from m_batch_schedule
    <include refid="jp.ne.yec.sane.mybatis.dao.WhereClause" />
    <include refid="jp.ne.yec.sane.mybatis.dao.OrderByClause" />
    <include refid="jp.ne.yec.sane.mybatis.dao.LimitClause" />
  </select>

  <select id="count" resultType="_long">
    select count(*) from m_batch_schedule
  </select>

  <select id="countByCriteria" resultType="_long" parameterType="map" >
    select count(*) from m_batch_schedule
    <include refid="jp.ne.yec.sane.mybatis.dao.WhereClause" />
  </select>

  <select id="readForUpdate" resultMap="BaseResultMap" parameterType="java.lang.Integer" >
    select
    <include refid="Base_Column_List" />
    from m_batch_schedule
    where id=#{id,jdbcType=INTEGER}
    for update
  </select>

  <select id="findListForUpdate" resultMap="BaseResultMap" parameterType="map" >
    select 
    <include refid="Base_Column_List" />
    from m_batch_schedule
    <include refid="jp.ne.yec.sane.mybatis.dao.WhereClause" />
    <include refid="jp.ne.yec.sane.mybatis.dao.OrderByClause" />
    <include refid="jp.ne.yec.sane.mybatis.dao.LimitClause" />
    for update
  </select>

  <insert id="create" parameterType="map" >
    insert into m_batch_schedule ( 
    <include refid="Base_Column_List" />
    )
    values (
    <include refid="Base_EntityInsert_List" />
    )
  </insert>

  <update id="update" parameterType="map" >
    update m_batch_schedule
    set 
    <include refid="Base_EntityUpdate_List" />
    where id=#{ENTITY.id,jdbcType=INTEGER}
  </update>

  <update id="updateByCriteria" parameterType="map" >
    update m_batch_schedule
    set 
    <include refid="Base_EntityUpdate_List" />
    <include refid="jp.ne.yec.sane.mybatis.dao.WhereClause" />
  </update>

  <update id="updateUseMap" parameterType="map" >
    update m_batch_schedule
    set ${UPDATEMAP.SET}
    where id=#{PRIMARYKEY,jdbcType=INTEGER}
  </update>

  <update id="updateUseMapByCriteria" parameterType="map" >
    update m_batch_schedule
    set ${UPDATEMAP.SET}
    <include refid="jp.ne.yec.sane.mybatis.dao.WhereClause" />
  </update>

  <delete id="delete" parameterType="jp.ne.yec.seagullLC.stagia.entity.MBatchSchedule" >
    delete from m_batch_schedule
    where id=#{id,jdbcType=INTEGER}
  </delete>

  <delete id="deleteByPrimaryKey" parameterType="java.lang.Integer" >
    delete from m_batch_schedule
    where id=#{id,jdbcType=INTEGER}
  </delete>
  
  <delete id="deleteByCriteria" parameterType="map" >
    delete from m_batch_schedule
    <include refid="jp.ne.yec.sane.mybatis.dao.WhereClause" />
  </delete>  
  
  <select id="getNowTimestamp" resultType="java.sql.Timestamp">
    select clock_timestamp()
  </select>
</mapper>