[[{"kyushiDate":"Jun 26, 2018 12:00:00 AM","createdAt":"Jun 26, 2018 3:20:38 PM","createdBy":"2221","updatedAt":"Jun 26, 2018 3:20:48 PM","updatedBy":"3311","version":0},{"kyushiDate":"Jun 27, 2018 12:00:00 AM","createdAt":"Jun 27, 2018 3:20:38 PM","createdBy":"2222","updatedAt":"Jun 27, 2018 3:20:48 PM","updatedBy":"3312","version":1},{"kyushiDate":"Jun 28, 2018 12:00:00 AM","createdAt":"Jun 28, 2018 3:20:38 PM","createdBy":"2223","updatedAt":"Jun 28, 2018 3:20:48 PM","updatedBy":"3313","version":2}]]
