[[{"shiyoMokutekiCode":1010,"shiyoMokutekiName":"合唱","isDisplayedWeb":true,"createdAt":"Oct 31, 2017 9:42:00 AM","createdBy":"8000","updatedAt":"Oct 31, 2017 9:42:00 AM","updatedBy":"8000","version":0},{"shiyoMokutekiCode":1020,"shiyoMokutekiName":"器楽（音量大）","isDisplayedWeb":true,"createdAt":"Oct 31, 2017 9:42:00 AM","createdBy":"8000","updatedAt":"Oct 31, 2017 9:42:00 AM","updatedBy":"8000","version":0},{"shiyoMokutekiCode":1030,"shiyoMokutekiName":"器楽（音量小）","isDisplayedWeb":true,"createdAt":"Oct 31, 2017 9:42:00 AM","createdBy":"8000","updatedAt":"Oct 31, 2017 9:42:00 AM","updatedBy":"8000","version":0},{"shiyoMokutekiCode":1040,"shiyoMokutekiName":"詩吟・民謡","isDisplayedWeb":true,"createdAt":"Oct 31, 2017 9:42:00 AM","createdBy":"8000","updatedAt":"Oct 31, 2017 9:42:00 AM","updatedBy":"8000","version":0}]]
