[[{"primaryKey":{"kanriCode":10,"shisetsuCode":10},"shisetsuName":"会議室","shisetsuChohyoName":"会議室","uketsukeStartDate":"Apr 1, 2010 12:00:00 AM","uketsukeEndDate":"Apr 1, 2020 12:00:00 AM","shiyoStartDate":"Apr 1, 2010 12:00:00 AM","shiyoEndDate":"Apr 1, 2020 12:00:00 AM","bashoCode":10,"kashidashiGroupCode":112,"teiinsu":20,"ryokinKeisanKijunDate":"1","ryoshuYoteiDateKeisu":0,"ryoshuYoteiDateTani":"2","maebaraiKingakuWariai":0,"kuriageEnchoTaniJikan":30,"kuriageEnchoKirisuteJikan":0,"shisetsuKashidashiHoshiki":"1","mensuHyojiTani":"面","yoyakuShurui":"1","isAllowedZengoKomaShiyo":true,"isHeiyoRiyo":false,"koenJikanCode":1,"tokeisakuseiWeight":1,"createdAt":"Oct 31, 2017 9:42:00 AM","createdBy":"8000","updatedAt":"Oct 31, 2017 9:42:00 AM","updatedBy":"8000","version":0},{"primaryKey":{"kanriCode":10,"shisetsuCode":20},"shisetsuName":"教室","shisetsuChohyoName":"教室","uketsukeStartDate":"Apr 1, 2010 12:00:00 AM","uketsukeEndDate":"Apr 1, 2020 12:00:00 AM","shiyoStartDate":"Apr 1, 2010 12:00:00 AM","shiyoEndDate":"Apr 1, 2020 12:00:00 AM","bashoCode":10,"kashidashiGroupCode":112,"teiinsu":20,"ryokinKeisanKijunDate":"1","ryoshuYoteiDateKeisu":0,"ryoshuYoteiDateTani":"2","maebaraiKingakuWariai":0,"kuriageEnchoTaniJikan":30,"kuriageEnchoKirisuteJikan":0,"shisetsuKashidashiHoshiki":"1","mensuHyojiTani":"面","yoyakuShurui":"1","isAllowedZengoKomaShiyo":true,"isHeiyoRiyo":false,"koenJikanCode":1,"tokeisakuseiWeight":1,"createdAt":"Oct 31, 2017 9:42:00 AM","createdBy":"8000","updatedAt":"Oct 31, 2017 9:42:00 AM","updatedBy":"8000","version":0},{"primaryKey":{"kanriCode":10,"shisetsuCode":30},"shisetsuName":"和室","shisetsuChohyoName":"和室","uketsukeStartDate":"Apr 1, 2010 12:00:00 AM","uketsukeEndDate":"Apr 1, 2020 12:00:00 AM","shiyoStartDate":"Apr 1, 2010 12:00:00 AM","shiyoEndDate":"Apr 1, 2020 12:00:00 AM","bashoCode":10,"kashidashiGroupCode":112,"teiinsu":20,"ryokinKeisanKijunDate":"1","ryoshuYoteiDateKeisu":0,"ryoshuYoteiDateTani":"2","maebaraiKingakuWariai":0,"kuriageEnchoTaniJikan":30,"kuriageEnchoKirisuteJikan":0,"shisetsuKashidashiHoshiki":"1","mensuHyojiTani":"面","yoyakuShurui":"1","isAllowedZengoKomaShiyo":true,"isHeiyoRiyo":false,"koenJikanCode":1,"tokeisakuseiWeight":1,"createdAt":"Oct 31, 2017 9:42:00 AM","createdBy":"8000","updatedAt":"Oct 31, 2017 9:42:00 AM","updatedBy":"8000","version":0},{"primaryKey":{"kanriCode":10,"shisetsuCode":40},"shisetsuName":"調理実習室","shisetsuChohyoName":"調理実習室","uketsukeStartDate":"Apr 1, 2010 12:00:00 AM","uketsukeEndDate":"Apr 1, 2020 12:00:00 AM","shiyoStartDate":"Apr 1, 2010 12:00:00 AM","shiyoEndDate":"Apr 1, 2020 12:00:00 AM","bashoCode":10,"kashidashiGroupCode":103,"teiinsu":20,"ryokinKeisanKijunDate":"1","ryoshuYoteiDateKeisu":0,"ryoshuYoteiDateTani":"2","maebaraiKingakuWariai":0,"kuriageEnchoTaniJikan":30,"kuriageEnchoKirisuteJikan":0,"shisetsuKashidashiHoshiki":"0","mensuHyojiTani":"面","yoyakuShurui":"1","isAllowedZengoKomaShiyo":true,"isHeiyoRiyo":false,"koenJikanCode":1,"tokeisakuseiWeight":1,"createdAt":"Oct 31, 2017 9:42:00 AM","createdBy":"8000","updatedAt":"Oct 31, 2017 9:42:00 AM","updatedBy":"8000","version":0}],[{"primaryKey":{"kanriCode":10,"shisetsuCode":20},"shisetsuName":"教室","shisetsuChohyoName":"教室","uketsukeStartDate":"Apr 1, 2010 12:00:00 AM","uketsukeEndDate":"Apr 1, 2020 12:00:00 AM","shiyoStartDate":"Apr 1, 2010 12:00:00 AM","shiyoEndDate":"Apr 1, 2020 12:00:00 AM","bashoCode":10,"kashidashiGroupCode":112,"teiinsu":20,"ryokinKeisanKijunDate":"1","ryoshuYoteiDateKeisu":0,"ryoshuYoteiDateTani":"2","maebaraiKingakuWariai":0,"kuriageEnchoTaniJikan":30,"kuriageEnchoKirisuteJikan":0,"shisetsuKashidashiHoshiki":"1","mensuHyojiTani":"面","yoyakuShurui":"1","isAllowedZengoKomaShiyo":true,"isHeiyoRiyo":false,"koenJikanCode":1,"tokeisakuseiWeight":1,"createdAt":"Oct 31, 2017 9:42:00 AM","createdBy":"8000","updatedAt":"Oct 31, 2017 9:42:00 AM","updatedBy":"8000","version":0}],[{"primaryKey":{"kanriCode":10,"shisetsuCode":10},"shisetsuName":"会議室","shisetsuChohyoName":"会議室","uketsukeStartDate":"Apr 1, 2010 12:00:00 AM","uketsukeEndDate":"Apr 1, 2020 12:00:00 AM","shiyoStartDate":"Apr 1, 2010 12:00:00 AM","shiyoEndDate":"Apr 1, 2020 12:00:00 AM","bashoCode":10,"kashidashiGroupCode":112,"teiinsu":20,"ryokinKeisanKijunDate":"1","ryoshuYoteiDateKeisu":0,"ryoshuYoteiDateTani":"2","maebaraiKingakuWariai":0,"kuriageEnchoTaniJikan":30,"kuriageEnchoKirisuteJikan":0,"shisetsuKashidashiHoshiki":"1","mensuHyojiTani":"面","yoyakuShurui":"1","isAllowedZengoKomaShiyo":true,"isHeiyoRiyo":false,"koenJikanCode":1,"tokeisakuseiWeight":1,"createdAt":"Oct 31, 2017 9:42:00 AM","createdBy":"8000","updatedAt":"Oct 31, 2017 9:42:00 AM","updatedBy":"8000","version":0}],[{"primaryKey":{"kanriCode":10,"shisetsuCode":10},"shisetsuName":"会議室","shisetsuChohyoName":"会議室","uketsukeStartDate":"Apr 1, 2010 12:00:00 AM","uketsukeEndDate":"Apr 1, 2020 12:00:00 AM","shiyoStartDate":"Apr 1, 2010 12:00:00 AM","shiyoEndDate":"Apr 1, 2020 12:00:00 AM","bashoCode":10,"kashidashiGroupCode":112,"teiinsu":20,"ryokinKeisanKijunDate":"1","ryoshuYoteiDateKeisu":0,"ryoshuYoteiDateTani":"2","maebaraiKingakuWariai":0,"kuriageEnchoTaniJikan":30,"kuriageEnchoKirisuteJikan":0,"shisetsuKashidashiHoshiki":"1","mensuHyojiTani":"面","yoyakuShurui":"1","isAllowedZengoKomaShiyo":true,"isHeiyoRiyo":false,"koenJikanCode":1,"tokeisakuseiWeight":1,"createdAt":"Oct 31, 2017 9:42:00 AM","createdBy":"8000","updatedAt":"Oct 31, 2017 9:42:00 AM","updatedBy":"8000","version":0},{"primaryKey":{"kanriCode":10,"shisetsuCode":20},"shisetsuName":"教室","shisetsuChohyoName":"教室","uketsukeStartDate":"Apr 1, 2010 12:00:00 AM","uketsukeEndDate":"Apr 1, 2020 12:00:00 AM","shiyoStartDate":"Apr 1, 2010 12:00:00 AM","shiyoEndDate":"Apr 1, 2020 12:00:00 AM","bashoCode":10,"kashidashiGroupCode":112,"teiinsu":20,"ryokinKeisanKijunDate":"1","ryoshuYoteiDateKeisu":0,"ryoshuYoteiDateTani":"2","maebaraiKingakuWariai":0,"kuriageEnchoTaniJikan":30,"kuriageEnchoKirisuteJikan":0,"shisetsuKashidashiHoshiki":"1","mensuHyojiTani":"面","yoyakuShurui":"1","isAllowedZengoKomaShiyo":true,"isHeiyoRiyo":false,"koenJikanCode":1,"tokeisakuseiWeight":1,"createdAt":"Oct 31, 2017 9:42:00 AM","createdBy":"8000","updatedAt":"Oct 31, 2017 9:42:00 AM","updatedBy":"8000","version":0}]]
