{"kanriCode":10,"kanriName":"管理１０","kanriChohyoName":"管理正式名管理１０","isEnabledCancelRyokin":true,"isAllowedDojiSeisan":true,"ryoshuChoteiKijunDate":"0","isEnabledFurikomiiraisho":true,"isEnabledNofusho":true,"isEnabledKozahikiotoshi":true,"isEnabledMultipayment":true,"ryoshuHohoKiteichi":"1","kampuChoteiKijunDate":"0","isEnabledKampuFurikomi":true,"kampuHohoKiteichi":"1","ryoshuKampuHasushoriKetasu":"1","ryoshuKampuHasushoriHoho":"2","isEnabledJissekiJido":true,"raihoyoteiSanshutsuNissu":0,"raihoyoteiSanshutsuTani":"0","isEnabledKariSakujo":false,"kariSakujoPenaltyKasanchi":1,"isEnabledMudanKoshin":true,"mudancancelPenaltyKasanchi":0,"isEnabledFurikaeDoyo":true,"isEnabledFurikaeNichiyo":true,"isEnabledFurikaeShukujitsu":true,"isEnabledFurikaeKyukan":true,"ryoshuFurikaeHoshiki":"0","isEnabledUketsukeFurikae":true,"uketsukeFurikaeHoshiki":"0","fromAddress":"0","jutoRiyoHani":"0","jutoYukoTsukisu":0,"ryokinTaikeiTekiyoHani":"0","kuriageEnchoSanshutsuHoshiki":"0","nyujoryokinSanshutsuKijun":"0","tojitsuShinseiKigenKeisu":0,"tojitsuShinseiKigenKijun":"0","createdAt":"Oct 30, 2017 11:19:00 AM","createdBy":"1","updatedAt":"Oct 30, 2017 11:19:00 AM","updatedBy":"1","version":0}
