{"2":[{"primaryKey":{"komaPatternCode":2,"komaCode":1},"komaName":"koma1","startTime":900,"endTime":1200,"isAllowedTandokuKashidashi":true,"isDisplayedWeb":true,"isAllowedShinseiWeb":true,"komaGroupCode":1,"createdAt":"Oct 31, 2017 4:30:00 PM","createdBy":"8000","updatedAt":"Oct 31, 2017 4:30:00 PM","updatedBy":"8000","version":0},{"primaryKey":{"komaPatternCode":2,"komaCode":2},"komaName":"koma2","startTime":1200,"endTime":1300,"isAllowedTandokuKashidashi":false,"isDisplayedWeb":true,"isAllowedShinseiWeb":true,"komaGroupCode":1,"createdAt":"Oct 31, 2017 4:30:00 PM","createdBy":"8000","updatedAt":"Oct 31, 2017 4:30:00 PM","updatedBy":"8000","version":0},{"primaryKey":{"komaPatternCode":2,"komaCode":3},"komaName":"koma3","startTime":1300,"endTime":1700,"isAllowedTandokuKashidashi":true,"isDisplayedWeb":true,"isAllowedShinseiWeb":true,"komaGroupCode":1,"createdAt":"Oct 31, 2017 4:30:00 PM","createdBy":"8000","updatedAt":"Oct 31, 2017 4:30:00 PM","updatedBy":"8000","version":0},{"primaryKey":{"komaPatternCode":2,"komaCode":4},"komaName":"koma4","startTime":1700,"endTime":1800,"isAllowedTandokuKashidashi":false,"isDisplayedWeb":true,"isAllowedShinseiWeb":true,"komaGroupCode":1,"createdAt":"Oct 31, 2017 4:30:00 PM","createdBy":"8000","updatedAt":"Oct 31, 2017 4:30:00 PM","updatedBy":"8000","version":0}]}
