[{"userName":"YEC","riyotorokuShoninsha":"承認者","serviceStartTime":0,"serviceEndTime":0,"uketsukeStartTime":0,"uketsukeEndTime":0,"nijutorokuHanteiHani":"1","ninzuTani":"人","rirekiDataHojiKikan":12,"riyoshaYukonensuKiteichi":12,"riyoshaGroupKiteichiWeb":1,"isEnabledAkijokyoWeb":true,"isEnabledShinseiWeb":true,"isEnabledRiyoshaTorokuWeb":true,"isEnabledRiyoshaShuseiWeb":true,"isEnabledRirekiWeb":true,"createdAt":"Jun 15, 2018 2:15:53 PM","createdBy":"0-3718","updatedAt":"Jun 15, 2018 3:38:39 PM","updatedBy":"0-3718","version":1}]
