[[{"primaryKey":{"kanriCode":10,"shukeiCode":1},"shukeiName":"主催者地域別","createdAt":"Apr 24, 2018 1:16:55 PM","createdBy":"0-hirata","updatedAt":"Apr 24, 2018 1:16:55 PM","updatedBy":"0-hirata","version":1},{"primaryKey":{"kanriCode":10,"shukeiCode":2},"shukeiName":"使用内容別","createdAt":"Apr 24, 2018 1:16:55 PM","createdBy":"0-hirata","updatedAt":"Apr 24, 2018 1:16:55 PM","updatedBy":"0-hirata","version":1},{"primaryKey":{"kanriCode":10,"shukeiCode":3},"shukeiName":"公益収益","createdAt":"Apr 24, 2018 1:16:55 PM","createdBy":"0-hirata","updatedAt":"Apr 24, 2018 1:16:55 PM","updatedBy":"0-hirata","version":1},{"primaryKey":{"kanriCode":10,"shukeiCode":4},"shukeiName":"年代別","createdAt":"Apr 24, 2018 1:16:55 PM","createdBy":"0-hirata","updatedAt":"Apr 24, 2018 1:16:55 PM","updatedBy":"0-hirata","version":1}]]
