[{"primaryKey":{"kanriCode":10,"rehearsalCode":1},"rehearsalName":"リハ割0％","createdAt":"Oct 31, 2017 9:42:00 AM","createdBy":"8000","updatedAt":"Oct 31, 2017 9:42:00 AM","updatedBy":"8000","version":0},{"primaryKey":{"kanriCode":10,"rehearsalCode":2},"rehearsalName":"リハ割２０％","createdAt":"Oct 31, 2017 9:42:00 AM","createdBy":"8000","updatedAt":"Oct 31, 2017 9:42:00 AM","updatedBy":"8000","version":0},{"primaryKey":{"kanriCode":10,"rehearsalCode":3},"rehearsalName":"リハ割２５％","createdAt":"Oct 31, 2017 9:42:00 AM","createdBy":"8000","updatedAt":"Oct 31, 2017 9:42:00 AM","updatedBy":"8000","version":0},{"primaryKey":{"kanriCode":10,"rehearsalCode":4},"rehearsalName":"リハ割３０％","createdAt":"Oct 31, 2017 9:42:00 AM","createdBy":"8000","updatedAt":"Oct 31, 2017 9:42:00 AM","updatedBy":"8000","version":0}]
