[[{"primaryKey":{"kanriCode":10,"shukeiCode":1,"shukeiKomokuCode":1},"shukeiKomokuName":"市内在住","createdAt":"Apr 24, 2018 1:16:55 PM","createdBy":"0-hirata","updatedAt":"Apr 24, 2018 1:16:55 PM","updatedBy":"0-hirata","version":1},{"primaryKey":{"kanriCode":10,"shukeiCode":1,"shukeiKomokuCode":2},"shukeiKomokuName":"市内在勤","createdAt":"Apr 24, 2018 1:16:55 PM","createdBy":"0-hirata","updatedAt":"Apr 24, 2018 1:16:55 PM","updatedBy":"0-hirata","version":1},{"primaryKey":{"kanriCode":10,"shukeiCode":1,"shukeiKomokuCode":3},"shukeiKomokuName":"市内在学","createdAt":"Apr 24, 2018 1:16:55 PM","createdBy":"0-hirata","updatedAt":"Apr 24, 2018 1:16:55 PM","updatedBy":"0-hirata","version":1},{"primaryKey":{"kanriCode":10,"shukeiCode":1,"shukeiKomokuCode":4},"shukeiKomokuName":"市外","createdAt":"Apr 24, 2018 1:16:55 PM","createdBy":"0-hirata","updatedAt":"Apr 24, 2018 1:16:55 PM","updatedBy":"0-hirata","version":1},{"primaryKey":{"kanriCode":10,"shukeiCode":2,"shukeiKomokuCode":1},"shukeiKomokuName":"一般利用","createdAt":"Apr 24, 2018 1:16:55 PM","createdBy":"0-hirata","updatedAt":"Apr 24, 2018 1:16:55 PM","updatedBy":"0-hirata","version":1},{"primaryKey":{"kanriCode":10,"shukeiCode":2,"shukeiKomokuCode":2},"shukeiKomokuName":"行政利用","createdAt":"Apr 24, 2018 1:16:55 PM","createdBy":"0-hirata","updatedAt":"Apr 24, 2018 1:16:55 PM","updatedBy":"0-hirata","version":1},{"primaryKey":{"kanriCode":10,"shukeiCode":2,"shukeiKomokuCode":3},"shukeiKomokuName":"主催利用","createdAt":"Apr 24, 2018 1:16:55 PM","createdBy":"0-hirata","updatedAt":"Apr 24, 2018 1:16:55 PM","updatedBy":"0-hirata","version":1},{"primaryKey":{"kanriCode":10,"shukeiCode":3,"shukeiKomokuCode":1},"shukeiKomokuName":"公益","createdAt":"Apr 24, 2018 1:16:55 PM","createdBy":"0-hirata","updatedAt":"Apr 24, 2018 1:16:55 PM","updatedBy":"0-hirata","version":1},{"primaryKey":{"kanriCode":10,"shukeiCode":3,"shukeiKomokuCode":2},"shukeiKomokuName":"収益","createdAt":"Apr 24, 2018 1:16:55 PM","createdBy":"0-hirata","updatedAt":"Apr 24, 2018 1:16:55 PM","updatedBy":"0-hirata","version":1},{"primaryKey":{"kanriCode":10,"shukeiCode":4,"shukeiKomokuCode":1},"shukeiKomokuName":"10代","createdAt":"Apr 24, 2018 1:16:55 PM","createdBy":"0-hirata","updatedAt":"Apr 24, 2018 1:16:55 PM","updatedBy":"0-hirata","version":1}]]
